subject_id,block_cnt,trial_cnt,trial_type,word,color,correct_key
1,1,1,mismatch,red,green,103
1,1,2,match,green,green,103
1,1,3,match,orange,orange,111
1,1,4,match,red,red,114
1,1,5,mismatch,blue,orange,111
1,1,6,mismatch,blue,orange,111
1,1,7,match,green,green,103
1,1,8,mismatch,red,green,103
1,1,9,mismatch,green,red,114
1,1,10,match,blue,blue,98
1,1,11,mismatch,green,red,114
1,1,12,match,blue,blue,98
1,1,13,mismatch,orange,blue,98
1,1,14,match,orange,orange,111
1,1,15,mismatch,orange,blue,98
1,1,16,match,red,red,114
1,2,1,mismatch,blue,orange,111
1,2,2,match,blue,blue,98
1,2,3,match,red,red,114
1,2,4,match,red,red,114
1,2,5,match,orange,orange,111
1,2,6,mismatch,green,red,114
1,2,7,match,green,green,103
1,2,8,match,green,green,103
1,2,9,mismatch,blue,orange,111
1,2,10,match,blue,blue,98
1,2,11,mismatch,orange,blue,98
1,2,12,mismatch,green,red,114
1,2,13,mismatch,red,green,103
1,2,14,mismatch,red,green,103
1,2,15,match,orange,orange,111
1,2,16,mismatch,orange,blue,98
2,1,1,mismatch,red,green,103
2,1,2,mismatch,red,green,103
2,1,3,match,blue,blue,98
2,1,4,match,blue,blue,98
2,1,5,match,green,green,103
2,1,6,mismatch,blue,orange,111
2,1,7,mismatch,blue,orange,111
2,1,8,mismatch,green,blue,98
2,1,9,match,red,red,114
2,1,10,match,red,red,114
2,1,11,mismatch,orange,red,114
2,1,12,mismatch,green,blue,98
2,1,13,mismatch,orange,red,114
2,1,14,match,orange,orange,111
2,1,15,match,green,green,103
2,1,16,match,orange,orange,111
2,2,1,mismatch,blue,orange,111
2,2,2,mismatch,green,blue,98
2,2,3,mismatch,red,green,103
2,2,4,match,red,red,114
2,2,5,match,green,green,103
2,2,6,match,blue,blue,98
2,2,7,match,blue,blue,98
2,2,8,mismatch,green,blue,98
2,2,9,match,orange,orange,111
2,2,10,mismatch,red,green,103
2,2,11,match,red,red,114
2,2,12,mismatch,orange,red,114
2,2,13,match,green,green,103
2,2,14,mismatch,blue,orange,111
2,2,15,match,orange,orange,111
2,2,16,mismatch,orange,red,114
3,1,1,match,blue,blue,98
3,1,2,mismatch,red,green,103
3,1,3,mismatch,orange,blue,98
3,1,4,mismatch,blue,red,114
3,1,5,mismatch,blue,red,114
3,1,6,match,green,green,103
3,1,7,mismatch,red,green,103
3,1,8,match,orange,orange,111
3,1,9,match,orange,orange,111
3,1,10,match,red,red,114
3,1,11,mismatch,green,orange,111
3,1,12,match,blue,blue,98
3,1,13,mismatch,orange,blue,98
3,1,14,match,green,green,103
3,1,15,mismatch,green,orange,111
3,1,16,match,red,red,114
3,2,1,match,orange,orange,111
3,2,2,match,red,red,114
3,2,3,mismatch,red,green,103
3,2,4,mismatch,blue,red,114
3,2,5,match,blue,blue,98
3,2,6,mismatch,orange,blue,98
3,2,7,match,green,green,103
3,2,8,match,blue,blue,98
3,2,9,mismatch,green,orange,111
3,2,10,mismatch,red,green,103
3,2,11,mismatch,blue,red,114
3,2,12,mismatch,green,orange,111
3,2,13,match,red,red,114
3,2,14,match,green,green,103
3,2,15,mismatch,orange,blue,98
3,2,16,match,orange,orange,111
4,1,1,match,green,green,103
4,1,2,mismatch,red,blue,98
4,1,3,mismatch,red,blue,98
4,1,4,match,green,green,103
4,1,5,match,blue,blue,98
4,1,6,mismatch,blue,orange,111
4,1,7,match,red,red,114
4,1,8,match,blue,blue,98
4,1,9,match,orange,orange,111
4,1,10,match,red,red,114
4,1,11,mismatch,blue,orange,111
4,1,12,mismatch,green,red,114
4,1,13,mismatch,green,red,114
4,1,14,match,orange,orange,111
4,1,15,mismatch,orange,green,103
4,1,16,mismatch,orange,green,103
4,2,1,match,green,green,103
4,2,2,match,blue,blue,98
4,2,3,mismatch,green,red,114
4,2,4,match,red,red,114
4,2,5,mismatch,orange,green,103
4,2,6,mismatch,orange,green,103
4,2,7,mismatch,green,red,114
4,2,8,match,orange,orange,111
4,2,9,match,green,green,103
4,2,10,match,orange,orange,111
4,2,11,mismatch,blue,orange,111
4,2,12,mismatch,red,blue,98
4,2,13,mismatch,red,blue,98
4,2,14,match,blue,blue,98
4,2,15,match,red,red,114
4,2,16,mismatch,blue,orange,111
5,1,1,match,orange,orange,111
5,1,2,mismatch,red,blue,98
5,1,3,mismatch,orange,green,103
5,1,4,match,red,red,114
5,1,5,mismatch,blue,red,114
5,1,6,mismatch,blue,red,114
5,1,7,mismatch,orange,green,103
5,1,8,mismatch,green,orange,111
5,1,9,match,green,green,103
5,1,10,mismatch,green,orange,111
5,1,11,mismatch,red,blue,98
5,1,12,match,blue,blue,98
5,1,13,match,red,red,114
5,1,14,match,orange,orange,111
5,1,15,match,blue,blue,98
5,1,16,match,green,green,103
5,2,1,match,blue,blue,98
5,2,2,match,red,red,114
5,2,3,mismatch,orange,green,103
5,2,4,mismatch,green,orange,111
5,2,5,match,blue,blue,98
5,2,6,match,red,red,114
5,2,7,match,green,green,103
5,2,8,mismatch,orange,green,103
5,2,9,mismatch,blue,red,114
5,2,10,match,green,green,103
5,2,11,mismatch,red,blue,98
5,2,12,match,orange,orange,111
5,2,13,mismatch,blue,red,114
5,2,14,mismatch,red,blue,98
5,2,15,match,orange,orange,111
5,2,16,mismatch,green,orange,111
6,1,1,match,green,green,103
6,1,2,mismatch,orange,red,114
6,1,3,match,green,green,103
6,1,4,match,orange,orange,111
6,1,5,mismatch,green,orange,111
6,1,6,mismatch,blue,green,103
6,1,7,mismatch,red,blue,98
6,1,8,match,red,red,114
6,1,9,match,red,red,114
6,1,10,mismatch,blue,green,103
6,1,11,match,blue,blue,98
6,1,12,mismatch,orange,red,114
6,1,13,mismatch,green,orange,111
6,1,14,mismatch,red,blue,98
6,1,15,match,orange,orange,111
6,1,16,match,blue,blue,98
6,2,1,mismatch,blue,green,103
6,2,2,mismatch,green,orange,111
6,2,3,mismatch,green,orange,111
6,2,4,match,orange,orange,111
6,2,5,match,red,red,114
6,2,6,match,green,green,103
6,2,7,match,red,red,114
6,2,8,mismatch,orange,red,114
6,2,9,mismatch,red,blue,98
6,2,10,match,green,green,103
6,2,11,match,blue,blue,98
6,2,12,mismatch,red,blue,98
6,2,13,match,blue,blue,98
6,2,14,mismatch,blue,green,103
6,2,15,match,orange,orange,111
6,2,16,mismatch,orange,red,114
7,1,1,match,red,red,114
7,1,2,mismatch,red,orange,111
7,1,3,match,orange,orange,111
7,1,4,mismatch,green,red,114
7,1,5,match,green,green,103
7,1,6,mismatch,blue,green,103
7,1,7,mismatch,blue,green,103
7,1,8,match,green,green,103
7,1,9,match,orange,orange,111
7,1,10,match,red,red,114
7,1,11,mismatch,orange,blue,98
7,1,12,match,blue,blue,98
7,1,13,match,blue,blue,98
7,1,14,mismatch,orange,blue,98
7,1,15,mismatch,red,orange,111
7,1,16,mismatch,green,red,114
7,2,1,mismatch,green,red,114
7,2,2,match,orange,orange,111
7,2,3,mismatch,red,orange,111
7,2,4,mismatch,blue,green,103
7,2,5,mismatch,orange,blue,98
7,2,6,mismatch,blue,green,103
7,2,7,match,orange,orange,111
7,2,8,match,blue,blue,98
7,2,9,mismatch,green,red,114
7,2,10,match,green,green,103
7,2,11,match,red,red,114
7,2,12,match,red,red,114
7,2,13,mismatch,red,orange,111
7,2,14,mismatch,orange,blue,98
7,2,15,match,green,green,103
7,2,16,match,blue,blue,98
8,1,1,match,blue,blue,98
8,1,2,match,blue,blue,98
8,1,3,match,orange,orange,111
8,1,4,mismatch,green,blue,98
8,1,5,match,green,green,103
8,1,6,match,green,green,103
8,1,7,mismatch,blue,red,114
8,1,8,mismatch,red,orange,111
8,1,9,mismatch,orange,green,103
8,1,10,mismatch,green,blue,98
8,1,11,mismatch,blue,red,114
8,1,12,mismatch,red,orange,111
8,1,13,match,red,red,114
8,1,14,match,orange,orange,111
8,1,15,match,red,red,114
8,1,16,mismatch,orange,green,103
8,2,1,match,blue,blue,98
8,2,2,mismatch,orange,green,103
8,2,3,match,green,green,103
8,2,4,mismatch,blue,red,114
8,2,5,mismatch,orange,green,103
8,2,6,mismatch,green,blue,98
8,2,7,match,orange,orange,111
8,2,8,match,red,red,114
8,2,9,mismatch,red,orange,111
8,2,10,mismatch,red,orange,111
8,2,11,match,blue,blue,98
8,2,12,match,orange,orange,111
8,2,13,mismatch,blue,red,114
8,2,14,mismatch,green,blue,98
8,2,15,match,green,green,103
8,2,16,match,red,red,114
9,1,1,mismatch,red,orange,111
9,1,2,mismatch,orange,red,114
9,1,3,mismatch,green,blue,98
9,1,4,mismatch,orange,red,114
9,1,5,match,green,green,103
9,1,6,mismatch,blue,green,103
9,1,7,match,red,red,114
9,1,8,match,orange,orange,111
9,1,9,match,green,green,103
9,1,10,match,orange,orange,111
9,1,11,match,blue,blue,98
9,1,12,mismatch,green,blue,98
9,1,13,mismatch,blue,green,103
9,1,14,match,blue,blue,98
9,1,15,match,red,red,114
9,1,16,mismatch,red,orange,111
9,2,1,match,blue,blue,98
9,2,2,mismatch,orange,red,114
9,2,3,match,red,red,114
9,2,4,match,orange,orange,111
9,2,5,mismatch,orange,red,114
9,2,6,match,green,green,103
9,2,7,match,orange,orange,111
9,2,8,mismatch,green,blue,98
9,2,9,match,blue,blue,98
9,2,10,match,green,green,103
9,2,11,mismatch,blue,green,103
9,2,12,mismatch,red,orange,111
9,2,13,mismatch,green,blue,98
9,2,14,mismatch,red,orange,111
9,2,15,mismatch,blue,green,103
9,2,16,match,red,red,114
10,1,1,match,blue,blue,98
10,1,2,mismatch,orange,blue,98
10,1,3,match,red,red,114
10,1,4,match,red,red,114
10,1,5,mismatch,green,red,114
10,1,6,match,orange,orange,111
10,1,7,match,green,green,103
10,1,8,mismatch,blue,orange,111
10,1,9,match,orange,orange,111
10,1,10,mismatch,orange,blue,98
10,1,11,mismatch,blue,orange,111
10,1,12,mismatch,green,red,114
10,1,13,mismatch,red,green,103
10,1,14,match,blue,blue,98
10,1,15,match,green,green,103
10,1,16,mismatch,red,green,103
10,2,1,mismatch,red,green,103
10,2,2,match,red,red,114
10,2,3,mismatch,orange,blue,98
10,2,4,mismatch,green,red,114
10,2,5,mismatch,blue,orange,111
10,2,6,mismatch,blue,orange,111
10,2,7,match,orange,orange,111
10,2,8,match,red,red,114
10,2,9,match,green,green,103
10,2,10,match,blue,blue,98
10,2,11,mismatch,orange,blue,98
10,2,12,match,green,green,103
10,2,13,match,blue,blue,98
10,2,14,match,orange,orange,111
10,2,15,mismatch,green,red,114
10,2,16,mismatch,red,green,103
11,1,1,match,green,green,103
11,1,2,match,blue,blue,98
11,1,3,mismatch,green,blue,98
11,1,4,mismatch,orange,red,114
11,1,5,mismatch,red,green,103
11,1,6,match,red,red,114
11,1,7,match,orange,orange,111
11,1,8,match,green,green,103
11,1,9,mismatch,orange,red,114
11,1,10,match,orange,orange,111
11,1,11,match,blue,blue,98
11,1,12,match,red,red,114
11,1,13,mismatch,red,green,103
11,1,14,mismatch,blue,orange,111
11,1,15,mismatch,blue,orange,111
11,1,16,mismatch,green,blue,98
11,2,1,mismatch,green,blue,98
11,2,2,mismatch,orange,red,114
11,2,3,match,orange,orange,111
11,2,4,mismatch,red,green,103
11,2,5,mismatch,green,blue,98
11,2,6,mismatch,blue,orange,111
11,2,7,mismatch,orange,red,114
11,2,8,match,red,red,114
11,2,9,match,green,green,103
11,2,10,match,red,red,114
11,2,11,mismatch,blue,orange,111
11,2,12,mismatch,red,green,103
11,2,13,match,blue,blue,98
11,2,14,match,blue,blue,98
11,2,15,match,orange,orange,111
11,2,16,match,green,green,103
12,1,1,mismatch,red,green,103
12,1,2,mismatch,orange,blue,98
12,1,3,mismatch,blue,red,114
12,1,4,match,red,red,114
12,1,5,mismatch,green,orange,111
12,1,6,mismatch,green,orange,111
12,1,7,match,red,red,114
12,1,8,match,blue,blue,98
12,1,9,match,blue,blue,98
12,1,10,mismatch,orange,blue,98
12,1,11,mismatch,blue,red,114
12,1,12,match,orange,orange,111
12,1,13,mismatch,red,green,103
12,1,14,match,green,green,103
12,1,15,match,green,green,103
12,1,16,match,orange,orange,111
12,2,1,match,orange,orange,111
12,2,2,match,green,green,103
12,2,3,match,blue,blue,98
12,2,4,mismatch,orange,blue,98
12,2,5,match,blue,blue,98
12,2,6,match,green,green,103
12,2,7,mismatch,blue,red,114
12,2,8,match,red,red,114
12,2,9,mismatch,green,orange,111
12,2,10,match,orange,orange,111
12,2,11,mismatch,red,green,103
12,2,12,mismatch,blue,red,114
12,2,13,mismatch,red,green,103
12,2,14,match,red,red,114
12,2,15,mismatch,green,orange,111
12,2,16,mismatch,orange,blue,98
13,1,1,mismatch,green,red,114
13,1,2,match,orange,orange,111
13,1,3,match,red,red,114
13,1,4,match,green,green,103
13,1,5,mismatch,green,red,114
13,1,6,mismatch,red,blue,98
13,1,7,match,blue,blue,98
13,1,8,mismatch,orange,green,103
13,1,9,mismatch,blue,orange,111
13,1,10,mismatch,red,blue,98
13,1,11,match,red,red,114
13,1,12,match,orange,orange,111
13,1,13,match,blue,blue,98
13,1,14,mismatch,orange,green,103
13,1,15,mismatch,blue,orange,111
13,1,16,match,green,green,103
13,2,1,mismatch,blue,orange,111
13,2,2,mismatch,red,blue,98
13,2,3,mismatch,orange,green,103
13,2,4,match,orange,orange,111
13,2,5,mismatch,green,red,114
13,2,6,match,red,red,114
13,2,7,mismatch,orange,green,103
13,2,8,mismatch,blue,orange,111
13,2,9,match,green,green,103
13,2,10,match,green,green,103
13,2,11,match,blue,blue,98
13,2,12,match,red,red,114
13,2,13,match,orange,orange,111
13,2,14,mismatch,red,blue,98
13,2,15,match,blue,blue,98
13,2,16,mismatch,green,red,114
14,1,1,mismatch,green,orange,111
14,1,2,mismatch,red,blue,98
14,1,3,match,blue,blue,98
14,1,4,match,orange,orange,111
14,1,5,match,green,green,103
14,1,6,mismatch,blue,red,114
14,1,7,match,green,green,103
14,1,8,mismatch,blue,red,114
14,1,9,mismatch,orange,green,103
14,1,10,match,orange,orange,111
14,1,11,match,red,red,114
14,1,12,match,blue,blue,98
14,1,13,mismatch,orange,green,103
14,1,14,match,red,red,114
14,1,15,mismatch,green,orange,111
14,1,16,mismatch,red,blue,98
14,2,1,mismatch,green,orange,111
14,2,2,mismatch,green,orange,111
14,2,3,mismatch,blue,red,114
14,2,4,match,red,red,114
14,2,5,match,blue,blue,98
14,2,6,mismatch,blue,red,114
14,2,7,mismatch,orange,green,103
14,2,8,match,orange,orange,111
14,2,9,mismatch,orange,green,103
14,2,10,match,green,green,103
14,2,11,match,orange,orange,111
14,2,12,mismatch,red,blue,98
14,2,13,match,blue,blue,98
14,2,14,match,green,green,103
14,2,15,mismatch,red,blue,98
14,2,16,match,red,red,114
15,1,1,mismatch,orange,red,114
15,1,2,mismatch,orange,red,114
15,1,3,mismatch,red,blue,98
15,1,4,match,green,green,103
15,1,5,mismatch,blue,green,103
15,1,6,match,red,red,114
15,1,7,mismatch,green,orange,111
15,1,8,match,orange,orange,111
15,1,9,match,red,red,114
15,1,10,mismatch,blue,green,103
15,1,11,match,blue,blue,98
15,1,12,match,green,green,103
15,1,13,match,blue,blue,98
15,1,14,mismatch,red,blue,98
15,1,15,match,orange,orange,111
15,1,16,mismatch,green,orange,111
15,2,1,match,orange,orange,111
15,2,2,match,blue,blue,98
15,2,3,mismatch,green,orange,111
15,2,4,mismatch,orange,red,114
15,2,5,mismatch,green,orange,111
15,2,6,match,orange,orange,111
15,2,7,mismatch,orange,red,114
15,2,8,mismatch,red,blue,98
15,2,9,match,red,red,114
15,2,10,match,green,green,103
15,2,11,mismatch,blue,green,103
15,2,12,match,red,red,114
15,2,13,mismatch,red,blue,98
15,2,14,mismatch,blue,green,103
15,2,15,match,blue,blue,98
15,2,16,match,green,green,103
16,1,1,match,blue,blue,98
16,1,2,match,orange,orange,111
16,1,3,match,blue,blue,98
16,1,4,match,red,red,114
16,1,5,mismatch,blue,green,103
16,1,6,mismatch,green,red,114
16,1,7,mismatch,orange,blue,98
16,1,8,mismatch,green,red,114
16,1,9,match,orange,orange,111
16,1,10,mismatch,blue,green,103
16,1,11,mismatch,red,orange,111
16,1,12,mismatch,orange,blue,98
16,1,13,match,green,green,103
16,1,14,match,red,red,114
16,1,15,match,green,green,103
16,1,16,mismatch,red,orange,111
16,2,1,match,orange,orange,111
16,2,2,mismatch,red,orange,111
16,2,3,mismatch,orange,blue,98
16,2,4,mismatch,green,red,114
16,2,5,match,green,green,103
16,2,6,match,blue,blue,98
16,2,7,match,blue,blue,98
16,2,8,mismatch,blue,green,103
16,2,9,match,red,red,114
16,2,10,mismatch,orange,blue,98
16,2,11,match,red,red,114
16,2,12,mismatch,blue,green,103
16,2,13,mismatch,green,red,114
16,2,14,match,orange,orange,111
16,2,15,match,green,green,103
16,2,16,mismatch,red,orange,111
17,1,1,mismatch,orange,green,103
17,1,2,match,blue,blue,98
17,1,3,match,orange,orange,111
17,1,4,mismatch,blue,red,114
17,1,5,mismatch,orange,green,103
17,1,6,match,green,green,103
17,1,7,mismatch,green,blue,98
17,1,8,mismatch,blue,red,114
17,1,9,match,red,red,114
17,1,10,match,orange,orange,111
17,1,11,mismatch,green,blue,98
17,1,12,mismatch,red,orange,111
17,1,13,match,blue,blue,98
17,1,14,match,green,green,103
17,1,15,match,red,red,114
17,1,16,mismatch,red,orange,111
17,2,1,mismatch,green,blue,98
17,2,2,mismatch,green,blue,98
17,2,3,mismatch,red,orange,111
17,2,4,mismatch,red,orange,111
17,2,5,match,red,red,114
17,2,6,match,green,green,103
17,2,7,match,blue,blue,98
17,2,8,match,orange,orange,111
17,2,9,mismatch,orange,green,103
17,2,10,match,green,green,103
17,2,11,match,red,red,114
17,2,12,mismatch,blue,red,114
17,2,13,match,orange,orange,111
17,2,14,mismatch,blue,red,114
17,2,15,match,blue,blue,98
17,2,16,mismatch,orange,green,103
18,1,1,mismatch,blue,green,103
18,1,2,match,red,red,114
18,1,3,mismatch,orange,red,114
18,1,4,match,blue,blue,98
18,1,5,match,green,green,103
18,1,6,mismatch,green,blue,98
18,1,7,match,green,green,103
18,1,8,mismatch,red,orange,111
18,1,9,match,orange,orange,111
18,1,10,mismatch,orange,red,114
18,1,11,match,orange,orange,111
18,1,12,mismatch,blue,green,103
18,1,13,match,blue,blue,98
18,1,14,mismatch,green,blue,98
18,1,15,match,red,red,114
18,1,16,mismatch,red,orange,111
18,2,1,mismatch,red,orange,111
18,2,2,match,orange,orange,111
18,2,3,match,red,red,114
18,2,4,match,red,red,114
18,2,5,mismatch,blue,green,103
18,2,6,match,blue,blue,98
18,2,7,mismatch,orange,red,114
18,2,8,match,green,green,103
18,2,9,match,blue,blue,98
18,2,10,mismatch,blue,green,103
18,2,11,mismatch,green,blue,98
18,2,12,mismatch,red,orange,111
18,2,13,mismatch,orange,red,114
18,2,14,match,orange,orange,111
18,2,15,mismatch,green,blue,98
18,2,16,match,green,green,103
19,1,1,mismatch,blue,orange,111
19,1,2,match,blue,blue,98
19,1,3,match,orange,orange,111
19,1,4,match,green,green,103
19,1,5,match,blue,blue,98
19,1,6,mismatch,green,red,114
19,1,7,mismatch,orange,blue,98
19,1,8,mismatch,red,green,103
19,1,9,mismatch,orange,blue,98
19,1,10,match,red,red,114
19,1,11,match,red,red,114
19,1,12,mismatch,blue,orange,111
19,1,13,mismatch,red,green,103
19,1,14,mismatch,green,red,114
19,1,15,match,green,green,103
19,1,16,match,orange,orange,111
19,2,1,match,red,red,114
19,2,2,mismatch,blue,orange,111
19,2,3,match,green,green,103
19,2,4,match,blue,blue,98
19,2,5,mismatch,red,green,103
19,2,6,match,red,red,114
19,2,7,mismatch,blue,orange,111
19,2,8,mismatch,orange,blue,98
19,2,9,mismatch,orange,blue,98
19,2,10,mismatch,green,red,114
19,2,11,match,orange,orange,111
19,2,12,match,blue,blue,98
19,2,13,match,orange,orange,111
19,2,14,mismatch,green,red,114
19,2,15,match,green,green,103
19,2,16,mismatch,red,green,103
20,1,1,mismatch,blue,orange,111
20,1,2,match,blue,blue,98
20,1,3,mismatch,orange,red,114
20,1,4,match,red,red,114
20,1,5,match,green,green,103
20,1,6,match,orange,orange,111
20,1,7,mismatch,red,green,103
20,1,8,mismatch,green,blue,98
20,1,9,match,orange,orange,111
20,1,10,mismatch,orange,red,114
20,1,11,match,blue,blue,98
20,1,12,mismatch,red,green,103
20,1,13,mismatch,green,blue,98
20,1,14,match,red,red,114
20,1,15,match,green,green,103
20,1,16,mismatch,blue,orange,111
20,2,1,match,blue,blue,98
20,2,2,mismatch,green,blue,98
20,2,3,mismatch,blue,orange,111
20,2,4,mismatch,orange,red,114
20,2,5,match,red,red,114
20,2,6,mismatch,orange,red,114
20,2,7,match,blue,blue,98
20,2,8,mismatch,red,green,103
20,2,9,mismatch,red,green,103
20,2,10,match,orange,orange,111
20,2,11,match,orange,orange,111
20,2,12,match,red,red,114
20,2,13,match,green,green,103
20,2,14,mismatch,green,blue,98
20,2,15,match,green,green,103
20,2,16,mismatch,blue,orange,111
21,1,1,match,orange,orange,111
21,1,2,mismatch,green,orange,111
21,1,3,match,red,red,114
21,1,4,mismatch,orange,blue,98
21,1,5,mismatch,green,orange,111
21,1,6,match,blue,blue,98
21,1,7,match,green,green,103
21,1,8,mismatch,red,green,103
21,1,9,match,blue,blue,98
21,1,10,mismatch,blue,red,114
21,1,11,mismatch,blue,red,114
21,1,12,mismatch,orange,blue,98
21,1,13,match,red,red,114
21,1,14,match,orange,orange,111
21,1,15,match,green,green,103
21,1,16,mismatch,red,green,103
21,2,1,mismatch,red,green,103
21,2,2,mismatch,blue,red,114
21,2,3,mismatch,green,orange,111
21,2,4,match,green,green,103
21,2,5,match,green,green,103
21,2,6,match,red,red,114
21,2,7,match,orange,orange,111
21,2,8,match,blue,blue,98
21,2,9,mismatch,orange,blue,98
21,2,10,mismatch,green,orange,111
21,2,11,mismatch,red,green,103
21,2,12,match,blue,blue,98
21,2,13,match,red,red,114
21,2,14,mismatch,orange,blue,98
21,2,15,match,orange,orange,111
21,2,16,mismatch,blue,red,114
22,1,1,mismatch,blue,orange,111
22,1,2,mismatch,blue,orange,111
22,1,3,mismatch,red,blue,98
22,1,4,mismatch,green,red,114
22,1,5,match,green,green,103
22,1,6,match,orange,orange,111
22,1,7,match,green,green,103
22,1,8,mismatch,green,red,114
22,1,9,match,orange,orange,111
22,1,10,match,blue,blue,98
22,1,11,match,blue,blue,98
22,1,12,mismatch,red,blue,98
22,1,13,mismatch,orange,green,103
22,1,14,mismatch,orange,green,103
22,1,15,match,red,red,114
22,1,16,match,red,red,114
22,2,1,match,green,green,103
22,2,2,mismatch,green,red,114
22,2,3,mismatch,orange,green,103
22,2,4,match,red,red,114
22,2,5,match,green,green,103
22,2,6,mismatch,blue,orange,111
22,2,7,match,orange,orange,111
22,2,8,mismatch,red,blue,98
22,2,9,mismatch,green,red,114
22,2,10,match,blue,blue,98
22,2,11,mismatch,red,blue,98
22,2,12,match,blue,blue,98
22,2,13,mismatch,blue,orange,111
22,2,14,mismatch,orange,green,103
22,2,15,match,red,red,114
22,2,16,match,orange,orange,111
23,1,1,mismatch,blue,red,114
23,1,2,mismatch,blue,red,114
23,1,3,mismatch,green,orange,111
23,1,4,match,red,red,114
23,1,5,mismatch,orange,green,103
23,1,6,mismatch,green,orange,111
23,1,7,match,green,green,103
23,1,8,match,orange,orange,111
23,1,9,mismatch,orange,green,103
23,1,10,match,red,red,114
23,1,11,match,blue,blue,98
23,1,12,mismatch,red,blue,98
23,1,13,match,blue,blue,98
23,1,14,mismatch,red,blue,98
23,1,15,match,orange,orange,111
23,1,16,match,green,green,103
23,2,1,mismatch,green,orange,111
23,2,2,mismatch,red,blue,98
23,2,3,mismatch,blue,red,114
23,2,4,match,green,green,103
23,2,5,match,green,green,103
23,2,6,mismatch,blue,red,114
23,2,7,mismatch,green,orange,111
23,2,8,mismatch,orange,green,103
23,2,9,match,red,red,114
23,2,10,match,blue,blue,98
23,2,11,mismatch,orange,green,103
23,2,12,match,orange,orange,111
23,2,13,match,red,red,114
23,2,14,match,orange,orange,111
23,2,15,match,blue,blue,98
23,2,16,mismatch,red,blue,98
24,1,1,match,orange,orange,111
24,1,2,match,red,red,114
24,1,3,match,orange,orange,111
24,1,4,mismatch,orange,red,114
24,1,5,match,blue,blue,98
24,1,6,match,green,green,103
24,1,7,mismatch,blue,green,103
24,1,8,mismatch,blue,green,103
24,1,9,mismatch,red,blue,98
24,1,10,mismatch,green,orange,111
24,1,11,match,red,red,114
24,1,12,mismatch,green,orange,111
24,1,13,match,blue,blue,98
24,1,14,mismatch,red,blue,98
24,1,15,match,green,green,103
24,1,16,mismatch,orange,red,114
24,2,1,match,green,green,103
24,2,2,mismatch,blue,green,103
24,2,3,mismatch,green,orange,111
24,2,4,mismatch,orange,red,114
24,2,5,mismatch,orange,red,114
24,2,6,match,red,red,114
24,2,7,mismatch,green,orange,111
24,2,8,mismatch,blue,green,103
24,2,9,mismatch,red,blue,98
24,2,10,match,orange,orange,111
24,2,11,match,red,red,114
24,2,12,match,blue,blue,98
24,2,13,mismatch,red,blue,98
24,2,14,match,blue,blue,98
24,2,15,match,green,green,103
24,2,16,match,orange,orange,111
25,1,1,match,green,green,103
25,1,2,mismatch,green,red,114
25,1,3,mismatch,red,orange,111
25,1,4,match,blue,blue,98
25,1,5,match,orange,orange,111
25,1,6,mismatch,orange,blue,98
25,1,7,match,red,red,114
25,1,8,match,red,red,114
25,1,9,mismatch,orange,blue,98
25,1,10,mismatch,red,orange,111
25,1,11,mismatch,green,red,114
25,1,12,match,blue,blue,98
25,1,13,match,orange,orange,111
25,1,14,mismatch,blue,green,103
25,1,15,match,green,green,103
25,1,16,mismatch,blue,green,103
25,2,1,match,orange,orange,111
25,2,2,match,red,red,114
25,2,3,match,orange,orange,111
25,2,4,mismatch,red,orange,111
25,2,5,match,blue,blue,98
25,2,6,match,red,red,114
25,2,7,match,blue,blue,98
25,2,8,match,green,green,103
25,2,9,mismatch,orange,blue,98
25,2,10,match,green,green,103
25,2,11,mismatch,green,red,114
25,2,12,mismatch,green,red,114
25,2,13,mismatch,blue,green,103
25,2,14,mismatch,orange,blue,98
25,2,15,mismatch,blue,green,103
25,2,16,mismatch,red,orange,111
26,1,1,mismatch,green,blue,98
26,1,2,match,green,green,103
26,1,3,match,orange,orange,111
26,1,4,mismatch,blue,red,114
26,1,5,match,green,green,103
26,1,6,match,blue,blue,98
26,1,7,match,blue,blue,98
26,1,8,mismatch,green,blue,98
26,1,9,mismatch,blue,red,114
26,1,10,mismatch,orange,green,103
26,1,11,mismatch,orange,green,103
26,1,12,match,red,red,114
26,1,13,mismatch,red,orange,111
26,1,14,mismatch,red,orange,111
26,1,15,match,red,red,114
26,1,16,match,orange,orange,111
26,2,1,match,red,red,114
26,2,2,mismatch,blue,red,114
26,2,3,mismatch,blue,red,114
26,2,4,mismatch,red,orange,111
26,2,5,match,red,red,114
26,2,6,mismatch,green,blue,98
26,2,7,mismatch,green,blue,98
26,2,8,match,green,green,103
26,2,9,match,blue,blue,98
26,2,10,match,orange,orange,111
26,2,11,match,green,green,103
26,2,12,mismatch,orange,green,103
26,2,13,mismatch,orange,green,103
26,2,14,mismatch,red,orange,111
26,2,15,match,blue,blue,98
26,2,16,match,orange,orange,111
27,1,1,mismatch,blue,green,103
27,1,2,mismatch,red,orange,111
27,1,3,mismatch,orange,red,114
27,1,4,match,red,red,114
27,1,5,mismatch,red,orange,111
27,1,6,mismatch,green,blue,98
27,1,7,match,green,green,103
27,1,8,match,red,red,114
27,1,9,match,orange,orange,111
27,1,10,mismatch,blue,green,103
27,1,11,match,blue,blue,98
27,1,12,mismatch,orange,red,114
27,1,13,match,orange,orange,111
27,1,14,mismatch,green,blue,98
27,1,15,match,blue,blue,98
27,1,16,match,green,green,103
27,2,1,mismatch,red,orange,111
27,2,2,match,orange,orange,111
27,2,3,mismatch,green,blue,98
27,2,4,match,blue,blue,98
27,2,5,match,orange,orange,111
27,2,6,mismatch,green,blue,98
27,2,7,match,green,green,103
27,2,8,match,red,red,114
27,2,9,mismatch,red,orange,111
27,2,10,match,blue,blue,98
27,2,11,mismatch,orange,red,114
27,2,12,mismatch,blue,green,103
27,2,13,match,green,green,103
27,2,14,match,red,red,114
27,2,15,mismatch,orange,red,114
27,2,16,mismatch,blue,green,103
28,1,1,mismatch,orange,blue,98
28,1,2,match,green,green,103
28,1,3,mismatch,blue,orange,111
28,1,4,mismatch,green,red,114
28,1,5,match,blue,blue,98
28,1,6,match,blue,blue,98
28,1,7,match,green,green,103
28,1,8,mismatch,green,red,114
28,1,9,match,orange,orange,111
28,1,10,match,red,red,114
28,1,11,mismatch,blue,orange,111
28,1,12,match,red,red,114
28,1,13,mismatch,orange,blue,98
28,1,14,match,orange,orange,111
28,1,15,mismatch,red,green,103
28,1,16,mismatch,red,green,103
28,2,1,mismatch,red,green,103
28,2,2,match,green,green,103
28,2,3,mismatch,blue,orange,111
28,2,4,match,red,red,114
28,2,5,mismatch,red,green,103
28,2,6,match,orange,orange,111
28,2,7,match,blue,blue,98
28,2,8,mismatch,orange,blue,98
28,2,9,mismatch,green,red,114
28,2,10,mismatch,blue,orange,111
28,2,11,match,blue,blue,98
28,2,12,match,red,red,114
28,2,13,match,orange,orange,111
28,2,14,match,green,green,103
28,2,15,mismatch,orange,blue,98
28,2,16,mismatch,green,red,114
29,1,1,match,orange,orange,111
29,1,2,match,blue,blue,98
29,1,3,mismatch,orange,red,114
29,1,4,mismatch,blue,orange,111
29,1,5,mismatch,green,blue,98
29,1,6,mismatch,blue,orange,111
29,1,7,mismatch,red,green,103
29,1,8,match,green,green,103
29,1,9,match,red,red,114
29,1,10,mismatch,red,green,103
29,1,11,match,red,red,114
29,1,12,mismatch,green,blue,98
29,1,13,mismatch,orange,red,114
29,1,14,match,blue,blue,98
29,1,15,match,green,green,103
29,1,16,match,orange,orange,111
29,2,1,match,red,red,114
29,2,2,match,green,green,103
29,2,3,match,orange,orange,111
29,2,4,mismatch,red,green,103
29,2,5,mismatch,red,green,103
29,2,6,match,red,red,114
29,2,7,match,blue,blue,98
29,2,8,match,orange,orange,111
29,2,9,mismatch,blue,orange,111
29,2,10,mismatch,green,blue,98
29,2,11,match,green,green,103
29,2,12,mismatch,green,blue,98
29,2,13,match,blue,blue,98
29,2,14,mismatch,orange,red,114
29,2,15,mismatch,orange,red,114
29,2,16,mismatch,blue,orange,111
30,1,1,mismatch,blue,red,114
30,1,2,match,orange,orange,111
30,1,3,match,blue,blue,98
30,1,4,mismatch,orange,blue,98
30,1,5,mismatch,green,orange,111
30,1,6,mismatch,blue,red,114
30,1,7,match,red,red,114
30,1,8,match,orange,orange,111
30,1,9,match,blue,blue,98
30,1,10,match,red,red,114
30,1,11,mismatch,green,orange,111
30,1,12,mismatch,red,green,103
30,1,13,match,green,green,103
30,1,14,match,green,green,103
30,1,15,mismatch,orange,blue,98
30,1,16,mismatch,red,green,103
30,2,1,match,orange,orange,111
30,2,2,match,red,red,114
30,2,3,mismatch,blue,red,114
30,2,4,match,orange,orange,111
30,2,5,match,red,red,114
30,2,6,mismatch,red,green,103
30,2,7,match,green,green,103
30,2,8,match,green,green,103
30,2,9,mismatch,orange,blue,98
30,2,10,mismatch,blue,red,114
30,2,11,mismatch,green,orange,111
30,2,12,mismatch,green,orange,111
30,2,13,match,blue,blue,98
30,2,14,mismatch,red,green,103
30,2,15,match,blue,blue,98
30,2,16,mismatch,orange,blue,98
31,1,1,match,red,red,114
31,1,2,match,green,green,103
31,1,3,match,red,red,114
31,1,4,match,orange,orange,111
31,1,5,mismatch,blue,orange,111
31,1,6,match,orange,orange,111
31,1,7,match,blue,blue,98
31,1,8,match,blue,blue,98
31,1,9,mismatch,orange,green,103
31,1,10,mismatch,green,red,114
31,1,11,mismatch,red,blue,98
31,1,12,match,green,green,103
31,1,13,mismatch,orange,green,103
31,1,14,mismatch,red,blue,98
31,1,15,mismatch,green,red,114
31,1,16,mismatch,blue,orange,111
31,2,1,mismatch,red,blue,98
31,2,2,mismatch,green,red,114
31,2,3,match,blue,blue,98
31,2,4,mismatch,blue,orange,111
31,2,5,match,orange,orange,111
31,2,6,match,red,red,114
31,2,7,match,green,green,103
31,2,8,mismatch,orange,green,103
31,2,9,mismatch,green,red,114
31,2,10,match,green,green,103
31,2,11,match,orange,orange,111
31,2,12,mismatch,blue,orange,111
31,2,13,match,blue,blue,98
31,2,14,mismatch,orange,green,103
31,2,15,mismatch,red,blue,98
31,2,16,match,red,red,114
32,1,1,match,blue,blue,98
32,1,2,match,green,green,103
32,1,3,mismatch,green,orange,111
32,1,4,mismatch,orange,green,103
32,1,5,mismatch,red,blue,98
32,1,6,match,orange,orange,111
32,1,7,mismatch,blue,red,114
32,1,8,match,orange,orange,111
32,1,9,mismatch,green,orange,111
32,1,10,match,green,green,103
32,1,11,match,blue,blue,98
32,1,12,mismatch,orange,green,103
32,1,13,match,red,red,114
32,1,14,mismatch,red,blue,98
32,1,15,mismatch,blue,red,114
32,1,16,match,red,red,114
32,2,1,mismatch,red,blue,98
32,2,2,mismatch,blue,red,114
32,2,3,match,orange,orange,111
32,2,4,match,green,green,103
32,2,5,mismatch,green,orange,111
32,2,6,match,blue,blue,98
32,2,7,match,green,green,103
32,2,8,match,red,red,114
32,2,9,mismatch,orange,green,103
32,2,10,match,blue,blue,98
32,2,11,match,orange,orange,111
32,2,12,mismatch,orange,green,103
32,2,13,mismatch,blue,red,114
32,2,14,mismatch,green,orange,111
32,2,15,match,red,red,114
32,2,16,mismatch,red,blue,98
33,1,1,mismatch,orange,red,114
33,1,2,match,blue,blue,98
33,1,3,mismatch,green,orange,111
33,1,4,match,blue,blue,98
33,1,5,mismatch,green,orange,111
33,1,6,match,orange,orange,111
33,1,7,mismatch,red,blue,98
33,1,8,match,green,green,103
33,1,9,mismatch,blue,green,103
33,1,10,mismatch,red,blue,98
33,1,11,match,red,red,114
33,1,12,mismatch,blue,green,103
33,1,13,match,orange,orange,111
33,1,14,mismatch,orange,red,114
33,1,15,match,green,green,103
33,1,16,match,red,red,114
33,2,1,mismatch,orange,red,114
33,2,2,mismatch,red,blue,98
33,2,3,match,blue,blue,98
33,2,4,mismatch,red,blue,98
33,2,5,mismatch,green,orange,111
33,2,6,match,red,red,114
33,2,7,match,green,green,103
33,2,8,mismatch,blue,green,103
33,2,9,mismatch,orange,red,114
33,2,10,match,blue,blue,98
33,2,11,mismatch,green,orange,111
33,2,12,match,red,red,114
33,2,13,match,green,green,103
33,2,14,match,orange,orange,111
33,2,15,mismatch,blue,green,103
33,2,16,match,orange,orange,111
34,1,1,mismatch,red,orange,111
34,1,2,mismatch,orange,blue,98
34,1,3,match,orange,orange,111
34,1,4,mismatch,green,red,114
34,1,5,match,green,green,103
34,1,6,match,blue,blue,98
34,1,7,match,green,green,103
34,1,8,match,red,red,114
34,1,9,mismatch,blue,green,103
34,1,10,mismatch,green,red,114
34,1,11,mismatch,orange,blue,98
34,1,12,match,blue,blue,98
34,1,13,match,orange,orange,111
34,1,14,mismatch,blue,green,103
34,1,15,mismatch,red,orange,111
34,1,16,match,red,red,114
34,2,1,mismatch,blue,green,103
34,2,2,mismatch,green,red,114
34,2,3,mismatch,red,orange,111
34,2,4,match,red,red,114
34,2,5,match,red,red,114
34,2,6,match,blue,blue,98
34,2,7,mismatch,orange,blue,98
34,2,8,match,blue,blue,98
34,2,9,mismatch,green,red,114
34,2,10,match,green,green,103
34,2,11,match,green,green,103
34,2,12,match,orange,orange,111
34,2,13,mismatch,orange,blue,98
34,2,14,match,orange,orange,111
34,2,15,mismatch,red,orange,111
34,2,16,mismatch,blue,green,103
35,1,1,mismatch,orange,green,103
35,1,2,match,red,red,114
35,1,3,mismatch,blue,red,114
35,1,4,match,green,green,103
35,1,5,mismatch,blue,red,114
35,1,6,match,green,green,103
35,1,7,match,blue,blue,98
35,1,8,mismatch,red,orange,111
35,1,9,match,orange,orange,111
35,1,10,mismatch,red,orange,111
35,1,11,mismatch,green,blue,98
35,1,12,match,red,red,114
35,1,13,mismatch,green,blue,98
35,1,14,match,orange,orange,111
35,1,15,mismatch,orange,green,103
35,1,16,match,blue,blue,98
35,2,1,mismatch,green,blue,98
35,2,2,mismatch,blue,red,114
35,2,3,match,red,red,114
35,2,4,mismatch,orange,green,103
35,2,5,match,red,red,114
35,2,6,mismatch,red,orange,111
35,2,7,mismatch,green,blue,98
35,2,8,mismatch,orange,green,103
35,2,9,match,orange,orange,111
35,2,10,match,green,green,103
35,2,11,mismatch,blue,red,114
35,2,12,match,blue,blue,98
35,2,13,match,orange,orange,111
35,2,14,match,green,green,103
35,2,15,match,blue,blue,98
35,2,16,mismatch,red,orange,111
36,1,1,match,blue,blue,98
36,1,2,mismatch,green,blue,98
36,1,3,match,green,green,103
36,1,4,mismatch,blue,green,103
36,1,5,mismatch,red,orange,111
36,1,6,match,red,red,114
36,1,7,match,green,green,103
36,1,8,mismatch,blue,green,103
36,1,9,mismatch,orange,red,114
36,1,10,match,orange,orange,111
36,1,11,match,blue,blue,98
36,1,12,mismatch,red,orange,111
36,1,13,mismatch,orange,red,114
36,1,14,match,red,red,114
36,1,15,mismatch,green,blue,98
36,1,16,match,orange,orange,111
36,2,1,mismatch,orange,red,114
36,2,2,mismatch,orange,red,114
36,2,3,mismatch,green,blue,98
36,2,4,match,orange,orange,111
36,2,5,match,red,red,114
36,2,6,mismatch,blue,green,103
36,2,7,match,green,green,103
36,2,8,mismatch,red,orange,111
36,2,9,match,blue,blue,98
36,2,10,match,green,green,103
36,2,11,mismatch,red,orange,111
36,2,12,match,orange,orange,111
36,2,13,match,blue,blue,98
36,2,14,mismatch,blue,green,103
36,2,15,mismatch,green,blue,98
36,2,16,match,red,red,114
37,1,1,mismatch,green,red,114
37,1,2,mismatch,red,green,103
37,1,3,mismatch,red,green,103
37,1,4,mismatch,orange,blue,98
37,1,5,match,blue,blue,98
37,1,6,mismatch,green,red,114
37,1,7,match,green,green,103
37,1,8,mismatch,orange,blue,98
37,1,9,match,green,green,103
37,1,10,mismatch,blue,orange,111
37,1,11,match,red,red,114
37,1,12,match,blue,blue,98
37,1,13,match,orange,orange,111
37,1,14,match,red,red,114
37,1,15,match,orange,orange,111
37,1,16,mismatch,blue,orange,111
37,2,1,mismatch,green,red,114
37,2,2,mismatch,red,green,103
37,2,3,match,green,green,103
37,2,4,mismatch,blue,orange,111
37,2,5,mismatch,blue,orange,111
37,2,6,mismatch,orange,blue,98
37,2,7,mismatch,green,red,114
37,2,8,match,blue,blue,98
37,2,9,match,red,red,114
37,2,10,mismatch,red,green,103
37,2,11,match,red,red,114
37,2,12,match,orange,orange,111
37,2,13,match,orange,orange,111
37,2,14,match,blue,blue,98
37,2,15,mismatch,orange,blue,98
37,2,16,match,green,green,103
38,1,1,match,blue,blue,98
38,1,2,match,blue,blue,98
38,1,3,mismatch,orange,red,114
38,1,4,match,red,red,114
38,1,5,mismatch,green,blue,98
38,1,6,mismatch,blue,orange,111
38,1,7,mismatch,orange,red,114
38,1,8,mismatch,red,green,103
38,1,9,match,green,green,103
38,1,10,mismatch,green,blue,98
38,1,11,mismatch,red,green,103
38,1,12,match,orange,orange,111
38,1,13,match,red,red,114
38,1,14,mismatch,blue,orange,111
38,1,15,match,green,green,103
38,1,16,match,orange,orange,111
38,2,1,match,red,red,114
38,2,2,match,red,red,114
38,2,3,match,orange,orange,111
38,2,4,mismatch,blue,orange,111
38,2,5,match,blue,blue,98
38,2,6,match,blue,blue,98
38,2,7,mismatch,red,green,103
38,2,8,mismatch,red,green,103
38,2,9,mismatch,green,blue,98
38,2,10,match,green,green,103
38,2,11,match,orange,orange,111
38,2,12,mismatch,green,blue,98
38,2,13,mismatch,orange,red,114
38,2,14,match,green,green,103
38,2,15,mismatch,blue,orange,111
38,2,16,mismatch,orange,red,114
39,1,1,match,green,green,103
39,1,2,match,blue,blue,98
39,1,3,match,red,red,114
39,1,4,match,green,green,103
39,1,5,mismatch,blue,red,114
39,1,6,mismatch,green,orange,111
39,1,7,match,blue,blue,98
39,1,8,match,red,red,114
39,1,9,match,orange,orange,111
39,1,10,mismatch,red,green,103
39,1,11,mismatch,blue,red,114
39,1,12,mismatch,orange,blue,98
39,1,13,match,orange,orange,111
39,1,14,mismatch,orange,blue,98
39,1,15,mismatch,red,green,103
39,1,16,mismatch,green,orange,111
39,2,1,match,blue,blue,98
39,2,2,mismatch,blue,red,114
39,2,3,mismatch,orange,blue,98
39,2,4,match,green,green,103
39,2,5,mismatch,red,green,103
39,2,6,mismatch,red,green,103
39,2,7,mismatch,blue,red,114
39,2,8,match,red,red,114
39,2,9,match,blue,blue,98
39,2,10,mismatch,green,orange,111
39,2,11,match,red,red,114
39,2,12,match,green,green,103
39,2,13,mismatch,green,orange,111
39,2,14,match,orange,orange,111
39,2,15,match,orange,orange,111
39,2,16,mismatch,orange,blue,98
40,1,1,match,orange,orange,111
40,1,2,match,orange,orange,111
40,1,3,mismatch,red,blue,98
40,1,4,mismatch,orange,green,103
40,1,5,match,red,red,114
40,1,6,mismatch,green,red,114
40,1,7,match,blue,blue,98
40,1,8,mismatch,orange,green,103
40,1,9,mismatch,blue,orange,111
40,1,10,match,blue,blue,98
40,1,11,match,red,red,114
40,1,12,match,green,green,103
40,1,13,mismatch,red,blue,98
40,1,14,mismatch,green,red,114
40,1,15,match,green,green,103
40,1,16,mismatch,blue,orange,111
40,2,1,match,green,green,103
40,2,2,mismatch,green,red,114
40,2,3,match,blue,blue,98
40,2,4,mismatch,red,blue,98
40,2,5,match,orange,orange,111
40,2,6,mismatch,orange,green,103
40,2,7,match,red,red,114
40,2,8,mismatch,red,blue,98
40,2,9,match,green,green,103
40,2,10,match,orange,orange,111
40,2,11,mismatch,orange,green,103
40,2,12,mismatch,blue,orange,111
40,2,13,mismatch,blue,orange,111
40,2,14,mismatch,green,red,114
40,2,15,match,red,red,114
40,2,16,match,blue,blue,98
41,1,1,mismatch,blue,red,114
41,1,2,match,red,red,114
41,1,3,match,blue,blue,98
41,1,4,mismatch,green,orange,111
41,1,5,match,blue,blue,98
41,1,6,mismatch,orange,green,103
41,1,7,mismatch,red,blue,98
41,1,8,mismatch,green,orange,111
41,1,9,mismatch,red,blue,98
41,1,10,mismatch,blue,red,114
41,1,11,mismatch,orange,green,103
41,1,12,match,orange,orange,111
41,1,13,match,green,green,103
41,1,14,match,orange,orange,111
41,1,15,match,green,green,103
41,1,16,match,red,red,114
41,2,1,mismatch,blue,red,114
41,2,2,mismatch,green,orange,111
41,2,3,mismatch,red,blue,98
41,2,4,mismatch,red,blue,98
41,2,5,match,orange,orange,111
41,2,6,mismatch,orange,green,103
41,2,7,match,blue,blue,98
41,2,8,match,blue,blue,98
41,2,9,match,orange,orange,111
41,2,10,match,red,red,114
41,2,11,mismatch,orange,green,103
41,2,12,mismatch,green,orange,111
41,2,13,match,green,green,103
41,2,14,match,green,green,103
41,2,15,mismatch,blue,red,114
41,2,16,match,red,red,114
42,1,1,mismatch,orange,red,114
42,1,2,mismatch,green,orange,111
42,1,3,mismatch,green,orange,111
42,1,4,match,blue,blue,98
42,1,5,match,red,red,114
42,1,6,match,blue,blue,98
42,1,7,mismatch,red,blue,98
42,1,8,match,green,green,103
42,1,9,match,green,green,103
42,1,10,match,red,red,114
42,1,11,mismatch,red,blue,98
42,1,12,match,orange,orange,111
42,1,13,mismatch,orange,red,114
42,1,14,mismatch,blue,green,103
42,1,15,mismatch,blue,green,103
42,1,16,match,orange,orange,111
42,2,1,mismatch,green,orange,111
42,2,2,match,green,green,103
42,2,3,match,green,green,103
42,2,4,mismatch,orange,red,114
42,2,5,mismatch,red,blue,98
42,2,6,mismatch,blue,green,103
42,2,7,match,blue,blue,98
42,2,8,match,red,red,114
42,2,9,mismatch,blue,green,103
42,2,10,match,orange,orange,111
42,2,11,match,orange,orange,111
42,2,12,mismatch,orange,red,114
42,2,13,match,blue,blue,98
42,2,14,match,red,red,114
42,2,15,mismatch,green,orange,111
42,2,16,mismatch,red,blue,98
43,1,1,match,green,green,103
43,1,2,match,blue,blue,98
43,1,3,match,orange,orange,111
43,1,4,mismatch,green,red,114
43,1,5,match,blue,blue,98
43,1,6,mismatch,blue,green,103
43,1,7,match,red,red,114
43,1,8,match,red,red,114
43,1,9,match,green,green,103
43,1,10,mismatch,red,orange,111
43,1,11,mismatch,orange,blue,98
43,1,12,mismatch,orange,blue,98
43,1,13,mismatch,blue,green,103
43,1,14,match,orange,orange,111
43,1,15,mismatch,red,orange,111
43,1,16,mismatch,green,red,114
43,2,1,match,green,green,103
43,2,2,mismatch,blue,green,103
43,2,3,mismatch,red,orange,111
43,2,4,mismatch,blue,green,103
43,2,5,mismatch,red,orange,111
43,2,6,match,blue,blue,98
43,2,7,mismatch,green,red,114
43,2,8,mismatch,green,red,114
43,2,9,mismatch,orange,blue,98
43,2,10,match,blue,blue,98
43,2,11,mismatch,orange,blue,98
43,2,12,match,red,red,114
43,2,13,match,orange,orange,111
43,2,14,match,red,red,114
43,2,15,match,green,green,103
43,2,16,match,orange,orange,111
44,1,1,match,green,green,103
44,1,2,match,green,green,103
44,1,3,mismatch,blue,red,114
44,1,4,mismatch,red,orange,111
44,1,5,match,red,red,114
44,1,6,mismatch,orange,green,103
44,1,7,mismatch,orange,green,103
44,1,8,mismatch,red,orange,111
44,1,9,mismatch,green,blue,98
44,1,10,match,orange,orange,111
44,1,11,match,red,red,114
44,1,12,match,blue,blue,98
44,1,13,mismatch,blue,red,114
44,1,14,mismatch,green,blue,98
44,1,15,match,orange,orange,111
44,1,16,match,blue,blue,98
44,2,1,mismatch,green,blue,98
44,2,2,mismatch,red,orange,111
44,2,3,match,blue,blue,98
44,2,4,mismatch,green,blue,98
44,2,5,match,red,red,114
44,2,6,mismatch,orange,green,103
44,2,7,match,green,green,103
44,2,8,mismatch,blue,red,114
44,2,9,mismatch,orange,green,103
44,2,10,match,green,green,103
44,2,11,match,red,red,114
44,2,12,match,orange,orange,111
44,2,13,match,orange,orange,111
44,2,14,match,blue,blue,98
44,2,15,mismatch,blue,red,114
44,2,16,mismatch,red,orange,111
45,1,1,match,green,green,103
45,1,2,mismatch,blue,green,103
45,1,3,mismatch,orange,red,114
45,1,4,mismatch,green,blue,98
45,1,5,mismatch,red,orange,111
45,1,6,match,green,green,103
45,1,7,match,red,red,114
45,1,8,mismatch,red,orange,111
45,1,9,mismatch,green,blue,98
45,1,10,match,orange,orange,111
45,1,11,match,orange,orange,111
45,1,12,match,blue,blue,98
45,1,13,mismatch,orange,red,114
45,1,14,mismatch,blue,green,103
45,1,15,match,red,red,114
45,1,16,match,blue,blue,98
45,2,1,match,blue,blue,98
45,2,2,mismatch,blue,green,103
45,2,3,mismatch,red,orange,111
45,2,4,mismatch,green,blue,98
45,2,5,mismatch,orange,red,114
45,2,6,match,blue,blue,98
45,2,7,mismatch,red,orange,111
45,2,8,match,red,red,114
45,2,9,mismatch,orange,red,114
45,2,10,match,orange,orange,111
45,2,11,match,red,red,114
45,2,12,match,orange,orange,111
45,2,13,mismatch,blue,green,103
45,2,14,match,green,green,103
45,2,15,match,green,green,103
45,2,16,mismatch,green,blue,98
46,1,1,match,red,red,114
46,1,2,mismatch,red,green,103
46,1,3,match,red,red,114
46,1,4,mismatch,orange,blue,98
46,1,5,mismatch,green,red,114
46,1,6,match,blue,blue,98
46,1,7,match,orange,orange,111
46,1,8,match,orange,orange,111
46,1,9,match,blue,blue,98
46,1,10,mismatch,blue,orange,111
46,1,11,mismatch,red,green,103
46,1,12,match,green,green,103
46,1,13,mismatch,green,red,114
46,1,14,match,green,green,103
46,1,15,mismatch,orange,blue,98
46,1,16,mismatch,blue,orange,111
46,2,1,mismatch,green,red,114
46,2,2,match,orange,orange,111
46,2,3,mismatch,orange,blue,98
46,2,4,match,red,red,114
46,2,5,mismatch,orange,blue,98
46,2,6,match,blue,blue,98
46,2,7,mismatch,red,green,103
46,2,8,match,orange,orange,111
46,2,9,match,red,red,114
46,2,10,mismatch,green,red,114
46,2,11,mismatch,blue,orange,111
46,2,12,match,blue,blue,98
46,2,13,mismatch,red,green,103
46,2,14,match,green,green,103
46,2,15,mismatch,blue,orange,111
46,2,16,match,green,green,103
47,1,1,mismatch,blue,orange,111
47,1,2,match,green,green,103
47,1,3,match,blue,blue,98
47,1,4,match,red,red,114
47,1,5,match,red,red,114
47,1,6,mismatch,orange,red,114
47,1,7,mismatch,red,green,103
47,1,8,match,orange,orange,111
47,1,9,match,blue,blue,98
47,1,10,mismatch,green,blue,98
47,1,11,match,green,green,103
47,1,12,mismatch,green,blue,98
47,1,13,mismatch,orange,red,114
47,1,14,mismatch,blue,orange,111
47,1,15,match,orange,orange,111
47,1,16,mismatch,red,green,103
47,2,1,match,orange,orange,111
47,2,2,match,orange,orange,111
47,2,3,mismatch,red,green,103
47,2,4,mismatch,green,blue,98
47,2,5,match,red,red,114
47,2,6,mismatch,red,green,103
47,2,7,match,red,red,114
47,2,8,match,green,green,103
47,2,9,mismatch,blue,orange,111
47,2,10,match,blue,blue,98
47,2,11,mismatch,orange,red,114
47,2,12,mismatch,blue,orange,111
47,2,13,mismatch,orange,red,114
47,2,14,mismatch,green,blue,98
47,2,15,match,green,green,103
47,2,16,match,blue,blue,98
48,1,1,mismatch,red,green,103
48,1,2,mismatch,blue,red,114
48,1,3,mismatch,green,orange,111
48,1,4,mismatch,blue,red,114
48,1,5,match,orange,orange,111
48,1,6,mismatch,orange,blue,98
48,1,7,match,green,green,103
48,1,8,match,blue,blue,98
48,1,9,mismatch,red,green,103
48,1,10,match,green,green,103
48,1,11,mismatch,orange,blue,98
48,1,12,match,orange,orange,111
48,1,13,match,red,red,114
48,1,14,match,red,red,114
48,1,15,match,blue,blue,98
48,1,16,mismatch,green,orange,111
48,2,1,match,orange,orange,111
48,2,2,match,blue,blue,98
48,2,3,match,red,red,114
48,2,4,match,blue,blue,98
48,2,5,mismatch,red,green,103
48,2,6,match,red,red,114
48,2,7,mismatch,green,orange,111
48,2,8,mismatch,orange,blue,98
48,2,9,match,green,green,103
48,2,10,mismatch,blue,red,114
48,2,11,mismatch,green,orange,111
48,2,12,mismatch,blue,red,114
48,2,13,match,green,green,103
48,2,14,mismatch,red,green,103
48,2,15,match,orange,orange,111
48,2,16,mismatch,orange,blue,98
49,1,1,mismatch,orange,green,103
49,1,2,match,orange,orange,111
49,1,3,mismatch,red,blue,98
49,1,4,mismatch,green,red,114
49,1,5,mismatch,orange,green,103
49,1,6,match,red,red,114
49,1,7,match,orange,orange,111
49,1,8,mismatch,green,red,114
49,1,9,match,red,red,114
49,1,10,match,green,green,103
49,1,11,match,blue,blue,98
49,1,12,match,blue,blue,98
49,1,13,match,green,green,103
49,1,14,mismatch,blue,orange,111
49,1,15,mismatch,red,blue,98
49,1,16,mismatch,blue,orange,111
49,2,1,mismatch,green,red,114
49,2,2,match,orange,orange,111
49,2,3,match,blue,blue,98
49,2,4,mismatch,orange,green,103
49,2,5,mismatch,orange,green,103
49,2,6,match,orange,orange,111
49,2,7,match,green,green,103
49,2,8,match,red,red,114
49,2,9,mismatch,red,blue,98
49,2,10,match,red,red,114
49,2,11,mismatch,red,blue,98
49,2,12,match,green,green,103
49,2,13,mismatch,blue,orange,111
49,2,14,mismatch,blue,orange,111
49,2,15,match,blue,blue,98
49,2,16,mismatch,green,red,114
50,1,1,match,orange,orange,111
50,1,2,mismatch,red,blue,98
50,1,3,mismatch,orange,green,103
50,1,4,match,green,green,103
50,1,5,match,orange,orange,111
50,1,6,mismatch,red,blue,98
50,1,7,mismatch,orange,green,103
50,1,8,match,red,red,114
50,1,9,match,red,red,114
50,1,10,mismatch,blue,red,114
50,1,11,mismatch,blue,red,114
50,1,12,match,blue,blue,98
50,1,13,mismatch,green,orange,111
50,1,14,match,green,green,103
50,1,15,mismatch,green,orange,111
50,1,16,match,blue,blue,98
50,2,1,match,green,green,103
50,2,2,mismatch,red,blue,98
50,2,3,match,blue,blue,98
50,2,4,mismatch,orange,green,103
50,2,5,mismatch,orange,green,103
50,2,6,mismatch,green,orange,111
50,2,7,match,blue,blue,98
50,2,8,mismatch,green,orange,111
50,2,9,mismatch,blue,red,114
50,2,10,match,red,red,114
50,2,11,match,orange,orange,111
50,2,12,mismatch,blue,red,114
50,2,13,match,green,green,103
50,2,14,match,orange,orange,111
50,2,15,mismatch,red,blue,98
50,2,16,match,red,red,114
51,1,1,match,orange,orange,111
51,1,2,match,red,red,114
51,1,3,match,blue,blue,98
51,1,4,match,blue,blue,98
51,1,5,mismatch,orange,red,114
51,1,6,mismatch,green,orange,111
51,1,7,match,orange,orange,111
51,1,8,mismatch,red,blue,98
51,1,9,mismatch,green,orange,111
51,1,10,mismatch,blue,green,103
51,1,11,mismatch,orange,red,114
51,1,12,match,red,red,114
51,1,13,mismatch,red,blue,98
51,1,14,match,green,green,103
51,1,15,mismatch,blue,green,103
51,1,16,match,green,green,103
51,2,1,match,green,green,103
51,2,2,match,blue,blue,98
51,2,3,mismatch,blue,green,103
51,2,4,mismatch,orange,red,114
51,2,5,mismatch,red,blue,98
51,2,6,match,orange,orange,111
51,2,7,match,blue,blue,98
51,2,8,match,orange,orange,111
51,2,9,mismatch,red,blue,98
51,2,10,mismatch,blue,green,103
51,2,11,mismatch,orange,red,114
51,2,12,mismatch,green,orange,111
51,2,13,match,red,red,114
51,2,14,match,green,green,103
51,2,15,match,red,red,114
51,2,16,mismatch,green,orange,111
52,1,1,match,blue,blue,98
52,1,2,mismatch,blue,green,103
52,1,3,mismatch,green,red,114
52,1,4,mismatch,green,red,114
52,1,5,match,red,red,114
52,1,6,match,orange,orange,111
52,1,7,mismatch,blue,green,103
52,1,8,match,blue,blue,98
52,1,9,mismatch,red,orange,111
52,1,10,mismatch,orange,blue,98
52,1,11,match,orange,orange,111
52,1,12,mismatch,orange,blue,98
52,1,13,match,green,green,103
52,1,14,mismatch,red,orange,111
52,1,15,match,green,green,103
52,1,16,match,red,red,114
52,2,1,mismatch,green,red,114
52,2,2,mismatch,green,red,114
52,2,3,mismatch,orange,blue,98
52,2,4,match,blue,blue,98
52,2,5,match,orange,orange,111
52,2,6,mismatch,blue,green,103
52,2,7,mismatch,red,orange,111
52,2,8,match,red,red,114
52,2,9,match,orange,orange,111
52,2,10,match,red,red,114
52,2,11,match,green,green,103
52,2,12,match,blue,blue,98
52,2,13,mismatch,red,orange,111
52,2,14,mismatch,blue,green,103
52,2,15,match,green,green,103
52,2,16,mismatch,orange,blue,98
53,1,1,mismatch,red,orange,111
53,1,2,match,green,green,103
53,1,3,mismatch,blue,red,114
53,1,4,mismatch,blue,red,114
53,1,5,mismatch,red,orange,111
53,1,6,match,green,green,103
53,1,7,match,blue,blue,98
53,1,8,match,blue,blue,98
53,1,9,match,orange,orange,111
53,1,10,match,red,red,114
53,1,11,match,orange,orange,111
53,1,12,mismatch,green,blue,98
53,1,13,mismatch,orange,green,103
53,1,14,match,red,red,114
53,1,15,mismatch,orange,green,103
53,1,16,mismatch,green,blue,98
53,2,1,mismatch,green,blue,98
53,2,2,match,green,green,103
53,2,3,mismatch,orange,green,103
53,2,4,match,orange,orange,111
53,2,5,mismatch,green,blue,98
53,2,6,match,red,red,114
53,2,7,mismatch,orange,green,103
53,2,8,mismatch,blue,red,114
53,2,9,match,orange,orange,111
53,2,10,mismatch,red,orange,111
53,2,11,match,red,red,114
53,2,12,match,blue,blue,98
53,2,13,mismatch,blue,red,114
53,2,14,match,blue,blue,98
53,2,15,match,green,green,103
53,2,16,mismatch,red,orange,111
54,1,1,mismatch,orange,red,114
54,1,2,mismatch,blue,green,103
54,1,3,match,blue,blue,98
54,1,4,mismatch,red,orange,111
54,1,5,match,green,green,103
54,1,6,mismatch,orange,red,114
54,1,7,match,blue,blue,98
54,1,8,match,orange,orange,111
54,1,9,mismatch,blue,green,103
54,1,10,match,red,red,114
54,1,11,mismatch,green,blue,98
54,1,12,match,green,green,103
54,1,13,match,red,red,114
54,1,14,mismatch,green,blue,98
54,1,15,match,orange,orange,111
54,1,16,mismatch,red,orange,111
54,2,1,mismatch,orange,red,114
54,2,2,match,orange,orange,111
54,2,3,mismatch,green,blue,98
54,2,4,mismatch,green,blue,98
54,2,5,match,orange,orange,111
54,2,6,match,red,red,114
54,2,7,mismatch,red,orange,111
54,2,8,match,blue,blue,98
54,2,9,match,green,green,103
54,2,10,mismatch,red,orange,111
54,2,11,mismatch,orange,red,114
54,2,12,mismatch,blue,green,103
54,2,13,match,red,red,114
54,2,14,mismatch,blue,green,103
54,2,15,match,blue,blue,98
54,2,16,match,green,green,103
55,1,1,match,green,green,103
55,1,2,mismatch,blue,orange,111
55,1,3,mismatch,red,green,103
55,1,4,mismatch,blue,orange,111
55,1,5,match,red,red,114
55,1,6,match,blue,blue,98
55,1,7,mismatch,orange,blue,98
55,1,8,mismatch,green,red,114
55,1,9,match,orange,orange,111
55,1,10,match,blue,blue,98
55,1,11,match,red,red,114
55,1,12,match,green,green,103
55,1,13,mismatch,red,green,103
55,1,14,mismatch,orange,blue,98
55,1,15,match,orange,orange,111
55,1,16,mismatch,green,red,114
55,2,1,match,green,green,103
55,2,2,match,red,red,114
55,2,3,mismatch,blue,orange,111
55,2,4,mismatch,blue,orange,111
55,2,5,match,blue,blue,98
55,2,6,match,green,green,103
55,2,7,match,orange,orange,111
55,2,8,mismatch,red,green,103
55,2,9,mismatch,orange,blue,98
55,2,10,match,blue,blue,98
55,2,11,mismatch,orange,blue,98
55,2,12,match,red,red,114
55,2,13,mismatch,green,red,114
55,2,14,match,orange,orange,111
55,2,15,mismatch,red,green,103
55,2,16,mismatch,green,red,114
56,1,1,mismatch,red,green,103
56,1,2,match,red,red,114
56,1,3,match,orange,orange,111
56,1,4,mismatch,green,blue,98
56,1,5,mismatch,red,green,103
56,1,6,mismatch,orange,red,114
56,1,7,mismatch,green,blue,98
56,1,8,match,red,red,114
56,1,9,mismatch,orange,red,114
56,1,10,match,orange,orange,111
56,1,11,match,green,green,103
56,1,12,mismatch,blue,orange,111
56,1,13,match,blue,blue,98
56,1,14,mismatch,blue,orange,111
56,1,15,match,blue,blue,98
56,1,16,match,green,green,103
56,2,1,match,red,red,114
56,2,2,mismatch,green,blue,98
56,2,3,match,blue,blue,98
56,2,4,match,red,red,114
56,2,5,match,blue,blue,98
56,2,6,mismatch,orange,red,114
56,2,7,mismatch,blue,orange,111
56,2,8,match,orange,orange,111
56,2,9,match,orange,orange,111
56,2,10,mismatch,green,blue,98
56,2,11,match,green,green,103
56,2,12,mismatch,red,green,103
56,2,13,match,green,green,103
56,2,14,mismatch,orange,red,114
56,2,15,mismatch,blue,orange,111
56,2,16,mismatch,red,green,103
57,1,1,match,red,red,114
57,1,2,mismatch,blue,red,114
57,1,3,match,green,green,103
57,1,4,match,blue,blue,98
57,1,5,mismatch,orange,blue,98
57,1,6,mismatch,orange,blue,98
57,1,7,match,blue,blue,98
57,1,8,match,red,red,114
57,1,9,mismatch,green,orange,111
57,1,10,match,orange,orange,111
57,1,11,mismatch,blue,red,114
57,1,12,mismatch,red,green,103
57,1,13,mismatch,red,green,103
57,1,14,mismatch,green,orange,111
57,1,15,match,green,green,103
57,1,16,match,orange,orange,111
57,2,1,match,green,green,103
57,2,2,match,orange,orange,111
57,2,3,mismatch,green,orange,111
57,2,4,match,orange,orange,111
57,2,5,mismatch,green,orange,111
57,2,6,mismatch,red,green,103
57,2,7,match,blue,blue,98
57,2,8,mismatch,orange,blue,98
57,2,9,match,red,red,114
57,2,10,match,green,green,103
57,2,11,mismatch,blue,red,114
57,2,12,mismatch,blue,red,114
57,2,13,match,red,red,114
57,2,14,match,blue,blue,98
57,2,15,mismatch,orange,blue,98
57,2,16,mismatch,red,green,103
58,1,1,match,green,green,103
58,1,2,mismatch,blue,orange,111
58,1,3,match,red,red,114
58,1,4,mismatch,orange,green,103
58,1,5,match,blue,blue,98
58,1,6,mismatch,red,blue,98
58,1,7,match,red,red,114
58,1,8,mismatch,green,red,114
58,1,9,mismatch,red,blue,98
58,1,10,match,orange,orange,111
58,1,11,mismatch,blue,orange,111
58,1,12,mismatch,orange,green,103
58,1,13,match,green,green,103
58,1,14,match,orange,orange,111
58,1,15,mismatch,green,red,114
58,1,16,match,blue,blue,98
58,2,1,match,orange,orange,111
58,2,2,mismatch,orange,green,103
58,2,3,mismatch,green,red,114
58,2,4,match,blue,blue,98
58,2,5,mismatch,blue,orange,111
58,2,6,match,blue,blue,98
58,2,7,match,red,red,114
58,2,8,match,green,green,103
58,2,9,mismatch,orange,green,103
58,2,10,mismatch,red,blue,98
58,2,11,match,orange,orange,111
58,2,12,mismatch,red,blue,98
58,2,13,mismatch,green,red,114
58,2,14,match,red,red,114
58,2,15,mismatch,blue,orange,111
58,2,16,match,green,green,103
59,1,1,mismatch,red,blue,98
59,1,2,match,green,green,103
59,1,3,mismatch,red,blue,98
59,1,4,mismatch,orange,green,103
59,1,5,mismatch,orange,green,103
59,1,6,match,red,red,114
59,1,7,match,green,green,103
59,1,8,mismatch,green,orange,111
59,1,9,match,orange,orange,111
59,1,10,match,blue,blue,98
59,1,11,mismatch,blue,red,114
59,1,12,mismatch,blue,red,114
59,1,13,match,red,red,114
59,1,14,mismatch,green,orange,111
59,1,15,match,blue,blue,98
59,1,16,match,orange,orange,111
59,2,1,mismatch,orange,green,103
59,2,2,mismatch,blue,red,114
59,2,3,match,green,green,103
59,2,4,match,blue,blue,98
59,2,5,mismatch,green,orange,111
59,2,6,mismatch,green,orange,111
59,2,7,match,red,red,114
59,2,8,mismatch,red,blue,98
59,2,9,match,red,red,114
59,2,10,mismatch,blue,red,114
59,2,11,match,blue,blue,98
59,2,12,match,green,green,103
59,2,13,match,orange,orange,111
59,2,14,mismatch,orange,green,103
59,2,15,mismatch,red,blue,98
59,2,16,match,orange,orange,111
60,1,1,mismatch,orange,red,114
60,1,2,mismatch,blue,green,103
60,1,3,match,blue,blue,98
60,1,4,match,red,red,114
60,1,5,mismatch,red,blue,98
60,1,6,match,red,red,114
60,1,7,match,green,green,103
60,1,8,mismatch,red,blue,98
60,1,9,mismatch,green,orange,111
60,1,10,match,orange,orange,111
60,1,11,mismatch,orange,red,114
60,1,12,match,orange,orange,111
60,1,13,mismatch,blue,green,103
60,1,14,match,blue,blue,98
60,1,15,mismatch,green,orange,111
60,1,16,match,green,green,103
60,2,1,match,orange,orange,111
60,2,2,match,blue,blue,98
60,2,3,mismatch,red,blue,98
60,2,4,mismatch,green,orange,111
60,2,5,match,blue,blue,98
60,2,6,match,green,green,103
60,2,7,mismatch,blue,green,103
60,2,8,mismatch,orange,red,114
60,2,9,mismatch,green,orange,111
60,2,10,match,red,red,114
60,2,11,mismatch,red,blue,98
60,2,12,mismatch,orange,red,114
60,2,13,mismatch,blue,green,103
60,2,14,match,orange,orange,111
60,2,15,match,green,green,103
60,2,16,match,red,red,114
61,1,1,mismatch,blue,green,103
61,1,2,match,green,green,103
61,1,3,mismatch,green,red,114
61,1,4,match,red,red,114
61,1,5,match,orange,orange,111
61,1,6,mismatch,red,orange,111
61,1,7,mismatch,orange,blue,98
61,1,8,mismatch,orange,blue,98
61,1,9,mismatch,blue,green,103
61,1,10,match,orange,orange,111
61,1,11,match,red,red,114
61,1,12,mismatch,red,orange,111
61,1,13,match,green,green,103
61,1,14,match,blue,blue,98
61,1,15,match,blue,blue,98
61,1,16,mismatch,green,red,114
61,2,1,match,blue,blue,98
61,2,2,mismatch,green,red,114
61,2,3,mismatch,red,orange,111
61,2,4,mismatch,orange,blue,98
61,2,5,match,blue,blue,98
61,2,6,mismatch,orange,blue,98
61,2,7,match,red,red,114
61,2,8,mismatch,blue,green,103
61,2,9,match,orange,orange,111
61,2,10,match,orange,orange,111
61,2,11,match,red,red,114
61,2,12,match,green,green,103
61,2,13,mismatch,blue,green,103
61,2,14,mismatch,green,red,114
61,2,15,match,green,green,103
61,2,16,mismatch,red,orange,111
62,1,1,mismatch,blue,red,114
62,1,2,match,blue,blue,98
62,1,3,match,red,red,114
62,1,4,match,blue,blue,98
62,1,5,match,orange,orange,111
62,1,6,match,green,green,103
62,1,7,match,red,red,114
62,1,8,mismatch,green,blue,98
62,1,9,mismatch,green,blue,98
62,1,10,match,green,green,103
62,1,11,mismatch,red,orange,111
62,1,12,mismatch,blue,red,114
62,1,13,mismatch,orange,green,103
62,1,14,mismatch,orange,green,103
62,1,15,match,orange,orange,111
62,1,16,mismatch,red,orange,111
62,2,1,match,orange,orange,111
62,2,2,mismatch,blue,red,114
62,2,3,match,red,red,114
62,2,4,match,green,green,103
62,2,5,mismatch,blue,red,114
62,2,6,mismatch,green,blue,98
62,2,7,mismatch,orange,green,103
62,2,8,mismatch,red,orange,111
62,2,9,mismatch,orange,green,103
62,2,10,match,blue,blue,98
62,2,11,mismatch,red,orange,111
62,2,12,match,orange,orange,111
62,2,13,match,red,red,114
62,2,14,match,green,green,103
62,2,15,mismatch,green,blue,98
62,2,16,match,blue,blue,98
63,1,1,mismatch,blue,green,103
63,1,2,match,red,red,114
63,1,3,match,red,red,114
63,1,4,mismatch,blue,green,103
63,1,5,match,orange,orange,111
63,1,6,mismatch,red,orange,111
63,1,7,match,blue,blue,98
63,1,8,mismatch,green,blue,98
63,1,9,mismatch,orange,red,114
63,1,10,mismatch,green,blue,98
63,1,11,match,green,green,103
63,1,12,mismatch,red,orange,111
63,1,13,match,blue,blue,98
63,1,14,mismatch,orange,red,114
63,1,15,match,orange,orange,111
63,1,16,match,green,green,103
63,2,1,mismatch,orange,red,114
63,2,2,mismatch,red,orange,111
63,2,3,match,green,green,103
63,2,4,match,orange,orange,111
63,2,5,match,red,red,114
63,2,6,match,green,green,103
63,2,7,mismatch,green,blue,98
63,2,8,match,blue,blue,98
63,2,9,mismatch,green,blue,98
63,2,10,mismatch,red,orange,111
63,2,11,match,blue,blue,98
63,2,12,mismatch,blue,green,103
63,2,13,mismatch,orange,red,114
63,2,14,mismatch,blue,green,103
63,2,15,match,orange,orange,111
63,2,16,match,red,red,114
64,1,1,match,green,green,103
64,1,2,match,blue,blue,98
64,1,3,match,green,green,103
64,1,4,mismatch,orange,blue,98
64,1,5,match,red,red,114
64,1,6,mismatch,green,red,114
64,1,7,mismatch,blue,orange,111
64,1,8,mismatch,red,green,103
64,1,9,mismatch,orange,blue,98
64,1,10,match,red,red,114
64,1,11,match,blue,blue,98
64,1,12,match,orange,orange,111
64,1,13,match,orange,orange,111
64,1,14,mismatch,blue,orange,111
64,1,15,mismatch,red,green,103
64,1,16,mismatch,green,red,114
64,2,1,mismatch,blue,orange,111
64,2,2,match,green,green,103
64,2,3,match,red,red,114
64,2,4,mismatch,blue,orange,111
64,2,5,match,blue,blue,98
64,2,6,match,orange,orange,111
64,2,7,mismatch,orange,blue,98
64,2,8,match,blue,blue,98
64,2,9,match,red,red,114
64,2,10,mismatch,green,red,114
64,2,11,match,orange,orange,111
64,2,12,mismatch,orange,blue,98
64,2,13,mismatch,green,red,114
64,2,14,mismatch,red,green,103
64,2,15,match,green,green,103
64,2,16,mismatch,red,green,103
65,1,1,mismatch,green,blue,98
65,1,2,match,green,green,103
65,1,3,mismatch,red,green,103
65,1,4,mismatch,orange,red,114
65,1,5,mismatch,orange,red,114
65,1,6,mismatch,blue,orange,111
65,1,7,match,blue,blue,98
65,1,8,match,green,green,103
65,1,9,mismatch,red,green,103
65,1,10,match,red,red,114
65,1,11,match,blue,blue,98
65,1,12,match,orange,orange,111
65,1,13,match,orange,orange,111
65,1,14,mismatch,blue,orange,111
65,1,15,match,red,red,114
65,1,16,mismatch,green,blue,98
65,2,1,match,green,green,103
65,2,2,mismatch,red,green,103
65,2,3,match,orange,orange,111
65,2,4,match,red,red,114
65,2,5,match,blue,blue,98
65,2,6,mismatch,blue,orange,111
65,2,7,mismatch,orange,red,114
65,2,8,match,orange,orange,111
65,2,9,mismatch,green,blue,98
65,2,10,match,red,red,114
65,2,11,mismatch,orange,red,114
65,2,12,mismatch,red,green,103
65,2,13,match,green,green,103
65,2,14,match,blue,blue,98
65,2,15,mismatch,green,blue,98
65,2,16,mismatch,blue,orange,111
66,1,1,match,blue,blue,98
66,1,2,match,red,red,114
66,1,3,mismatch,blue,red,114
66,1,4,match,green,green,103
66,1,5,match,orange,orange,111
66,1,6,mismatch,blue,red,114
66,1,7,match,blue,blue,98
66,1,8,match,green,green,103
66,1,9,mismatch,red,green,103
66,1,10,match,orange,orange,111
66,1,11,mismatch,green,orange,111
66,1,12,mismatch,red,green,103
66,1,13,mismatch,orange,blue,98
66,1,14,mismatch,orange,blue,98
66,1,15,match,red,red,114
66,1,16,mismatch,green,orange,111
66,2,1,mismatch,blue,red,114
66,2,2,match,red,red,114
66,2,3,match,red,red,114
66,2,4,mismatch,orange,blue,98
66,2,5,match,green,green,103
66,2,6,mismatch,red,green,103
66,2,7,match,blue,blue,98
66,2,8,mismatch,orange,blue,98
66,2,9,mismatch,red,green,103
66,2,10,match,orange,orange,111
66,2,11,mismatch,blue,red,114
66,2,12,match,orange,orange,111
66,2,13,mismatch,green,orange,111
66,2,14,mismatch,green,orange,111
66,2,15,match,blue,blue,98
66,2,16,match,green,green,103
67,1,1,match,blue,blue,98
67,1,2,match,red,red,114
67,1,3,match,green,green,103
67,1,4,match,orange,orange,111
67,1,5,mismatch,orange,green,103
67,1,6,mismatch,green,red,114
67,1,7,mismatch,blue,orange,111
67,1,8,mismatch,orange,green,103
67,1,9,match,red,red,114
67,1,10,mismatch,red,blue,98
67,1,11,match,green,green,103
67,1,12,match,blue,blue,98
67,1,13,mismatch,green,red,114
67,1,14,match,orange,orange,111
67,1,15,mismatch,red,blue,98
67,1,16,mismatch,blue,orange,111
67,2,1,match,blue,blue,98
67,2,2,mismatch,red,blue,98
67,2,3,mismatch,green,red,114
67,2,4,match,red,red,114
67,2,5,mismatch,orange,green,103
67,2,6,match,orange,orange,111
67,2,7,mismatch,red,blue,98
67,2,8,mismatch,green,red,114
67,2,9,mismatch,orange,green,103
67,2,10,mismatch,blue,orange,111
67,2,11,match,orange,orange,111
67,2,12,match,blue,blue,98
67,2,13,mismatch,blue,orange,111
67,2,14,match,green,green,103
67,2,15,match,green,green,103
67,2,16,match,red,red,114
68,1,1,mismatch,green,orange,111
68,1,2,mismatch,red,blue,98
68,1,3,match,red,red,114
68,1,4,match,green,green,103
68,1,5,match,blue,blue,98
68,1,6,match,orange,orange,111
68,1,7,mismatch,red,blue,98
68,1,8,mismatch,blue,red,114
68,1,9,mismatch,green,orange,111
68,1,10,mismatch,orange,green,103
68,1,11,match,red,red,114
68,1,12,match,orange,orange,111
68,1,13,match,green,green,103
68,1,14,mismatch,orange,green,103
68,1,15,match,blue,blue,98
68,1,16,mismatch,blue,red,114
68,2,1,match,orange,orange,111
68,2,2,mismatch,blue,red,114
68,2,3,mismatch,blue,red,114
68,2,4,mismatch,orange,green,103
68,2,5,mismatch,green,orange,111
68,2,6,mismatch,red,blue,98
68,2,7,match,red,red,114
68,2,8,match,green,green,103
68,2,9,mismatch,green,orange,111
68,2,10,match,blue,blue,98
68,2,11,mismatch,orange,green,103
68,2,12,match,green,green,103
68,2,13,match,red,red,114
68,2,14,match,orange,orange,111
68,2,15,mismatch,red,blue,98
68,2,16,match,blue,blue,98
69,1,1,mismatch,orange,red,114
69,1,2,match,blue,blue,98
69,1,3,mismatch,red,blue,98
69,1,4,match,orange,orange,111
69,1,5,match,blue,blue,98
69,1,6,match,red,red,114
69,1,7,mismatch,blue,green,103
69,1,8,mismatch,red,blue,98
69,1,9,match,green,green,103
69,1,10,match,red,red,114
69,1,11,mismatch,orange,red,114
69,1,12,match,orange,orange,111
69,1,13,match,green,green,103
69,1,14,mismatch,blue,green,103
69,1,15,mismatch,green,orange,111
69,1,16,mismatch,green,orange,111
69,2,1,mismatch,orange,red,114
69,2,2,mismatch,green,orange,111
69,2,3,mismatch,red,blue,98
69,2,4,match,red,red,114
69,2,5,match,blue,blue,98
69,2,6,mismatch,red,blue,98
69,2,7,mismatch,blue,green,103
69,2,8,match,red,red,114
69,2,9,mismatch,blue,green,103
69,2,10,mismatch,green,orange,111
69,2,11,match,orange,orange,111
69,2,12,match,green,green,103
69,2,13,match,blue,blue,98
69,2,14,match,orange,orange,111
69,2,15,match,green,green,103
69,2,16,mismatch,orange,red,114
70,1,1,match,red,red,114
70,1,2,match,green,green,103
70,1,3,mismatch,green,red,114
70,1,4,match,red,red,114
70,1,5,mismatch,green,red,114
70,1,6,mismatch,red,orange,111
70,1,7,mismatch,orange,blue,98
70,1,8,match,orange,orange,111
70,1,9,match,blue,blue,98
70,1,10,match,blue,blue,98
70,1,11,mismatch,blue,green,103
70,1,12,match,orange,orange,111
70,1,13,mismatch,orange,blue,98
70,1,14,mismatch,red,orange,111
70,1,15,mismatch,blue,green,103
70,1,16,match,green,green,103
70,2,1,mismatch,green,red,114
70,2,2,mismatch,green,red,114
70,2,3,match,green,green,103
70,2,4,mismatch,orange,blue,98
70,2,5,match,orange,orange,111
70,2,6,mismatch,red,orange,111
70,2,7,match,blue,blue,98
70,2,8,mismatch,blue,green,103
70,2,9,match,red,red,114
70,2,10,mismatch,orange,blue,98
70,2,11,match,red,red,114
70,2,12,match,blue,blue,98
70,2,13,match,green,green,103
70,2,14,mismatch,blue,green,103
70,2,15,mismatch,red,orange,111
70,2,16,match,orange,orange,111
71,1,1,match,red,red,114
71,1,2,mismatch,blue,red,114
71,1,3,match,red,red,114
71,1,4,match,blue,blue,98
71,1,5,mismatch,red,orange,111
71,1,6,mismatch,red,orange,111
71,1,7,match,blue,blue,98
71,1,8,match,green,green,103
71,1,9,mismatch,orange,green,103
71,1,10,mismatch,green,blue,98
71,1,11,mismatch,orange,green,103
71,1,12,match,green,green,103
71,1,13,match,orange,orange,111
71,1,14,mismatch,blue,red,114
71,1,15,mismatch,green,blue,98
71,1,16,match,orange,orange,111
71,2,1,mismatch,blue,red,114
71,2,2,mismatch,orange,green,103
71,2,3,match,orange,orange,111
71,2,4,mismatch,blue,red,114
71,2,5,match,green,green,103
71,2,6,match,orange,orange,111
71,2,7,mismatch,orange,green,103
71,2,8,mismatch,red,orange,111
71,2,9,match,green,green,103
71,2,10,mismatch,green,blue,98
71,2,11,match,blue,blue,98
71,2,12,mismatch,green,blue,98
71,2,13,mismatch,red,orange,111
71,2,14,match,red,red,114
71,2,15,match,red,red,114
71,2,16,match,blue,blue,98
72,1,1,mismatch,orange,red,114
72,1,2,match,blue,blue,98
72,1,3,match,orange,orange,111
72,1,4,mismatch,orange,red,114
72,1,5,match,orange,orange,111
72,1,6,match,red,red,114
72,1,7,mismatch,green,blue,98
72,1,8,match,green,green,103
72,1,9,match,red,red,114
72,1,10,mismatch,green,blue,98
72,1,11,mismatch,red,orange,111
72,1,12,mismatch,red,orange,111
72,1,13,mismatch,blue,green,103
72,1,14,mismatch,blue,green,103
72,1,15,match,blue,blue,98
72,1,16,match,green,green,103
72,2,1,mismatch,green,blue,98
72,2,2,match,orange,orange,111
72,2,3,mismatch,blue,green,103
72,2,4,match,green,green,103
72,2,5,match,orange,orange,111
72,2,6,mismatch,green,blue,98
72,2,7,match,blue,blue,98
72,2,8,match,green,green,103
72,2,9,mismatch,red,orange,111
72,2,10,mismatch,orange,red,114
72,2,11,match,blue,blue,98
72,2,12,mismatch,blue,green,103
72,2,13,match,red,red,114
72,2,14,match,red,red,114
72,2,15,mismatch,red,orange,111
72,2,16,mismatch,orange,red,114
73,1,1,mismatch,blue,orange,111
73,1,2,mismatch,blue,orange,111
73,1,3,match,red,red,114
73,1,4,match,red,red,114
73,1,5,match,orange,orange,111
73,1,6,match,orange,orange,111
73,1,7,match,blue,blue,98
73,1,8,mismatch,red,green,103
73,1,9,match,blue,blue,98
73,1,10,mismatch,green,red,114
73,1,11,match,green,green,103
73,1,12,mismatch,orange,blue,98
73,1,13,mismatch,red,green,103
73,1,14,mismatch,orange,blue,98
73,1,15,match,green,green,103
73,1,16,mismatch,green,red,114
73,2,1,mismatch,orange,blue,98
73,2,2,match,blue,blue,98
73,2,3,match,orange,orange,111
73,2,4,mismatch,red,green,103
73,2,5,match,green,green,103
73,2,6,mismatch,green,red,114
73,2,7,match,green,green,103
73,2,8,mismatch,green,red,114
73,2,9,match,blue,blue,98
73,2,10,mismatch,red,green,103
73,2,11,match,red,red,114
73,2,12,match,orange,orange,111
73,2,13,match,red,red,114
73,2,14,mismatch,blue,orange,111
73,2,15,mismatch,orange,blue,98
73,2,16,mismatch,blue,orange,111
74,1,1,mismatch,green,blue,98
74,1,2,mismatch,orange,red,114
74,1,3,match,green,green,103
74,1,4,mismatch,green,blue,98
74,1,5,match,red,red,114
74,1,6,mismatch,red,green,103
74,1,7,match,red,red,114
74,1,8,match,green,green,103
74,1,9,mismatch,red,green,103
74,1,10,match,blue,blue,98
74,1,11,match,orange,orange,111
74,1,12,mismatch,blue,orange,111
74,1,13,match,orange,orange,111
74,1,14,mismatch,orange,red,114
74,1,15,mismatch,blue,orange,111
74,1,16,match,blue,blue,98
74,2,1,mismatch,orange,red,114
74,2,2,mismatch,orange,red,114
74,2,3,match,red,red,114
74,2,4,mismatch,red,green,103
74,2,5,mismatch,blue,orange,111
74,2,6,mismatch,blue,orange,111
74,2,7,match,blue,blue,98
74,2,8,match,orange,orange,111
74,2,9,match,green,green,103
74,2,10,match,blue,blue,98
74,2,11,mismatch,green,blue,98
74,2,12,match,orange,orange,111
74,2,13,match,green,green,103
74,2,14,match,red,red,114
74,2,15,mismatch,green,blue,98
74,2,16,mismatch,red,green,103
75,1,1,match,green,green,103
75,1,2,match,green,green,103
75,1,3,match,orange,orange,111
75,1,4,match,blue,blue,98
75,1,5,match,blue,blue,98
75,1,6,mismatch,blue,red,114
75,1,7,mismatch,red,green,103
75,1,8,mismatch,orange,blue,98
75,1,9,mismatch,green,orange,111
75,1,10,match,red,red,114
75,1,11,mismatch,red,green,103
75,1,12,mismatch,green,orange,111
75,1,13,mismatch,blue,red,114
75,1,14,mismatch,orange,blue,98
75,1,15,match,red,red,114
75,1,16,match,orange,orange,111
75,2,1,match,orange,orange,111
75,2,2,mismatch,blue,red,114
75,2,3,mismatch,orange,blue,98
75,2,4,match,blue,blue,98
75,2,5,mismatch,orange,blue,98
75,2,6,match,red,red,114
75,2,7,match,orange,orange,111
75,2,8,mismatch,red,green,103
75,2,9,mismatch,red,green,103
75,2,10,match,green,green,103
75,2,11,mismatch,blue,red,114
75,2,12,match,green,green,103
75,2,13,mismatch,green,orange,111
75,2,14,match,red,red,114
75,2,15,mismatch,green,orange,111
75,2,16,match,blue,blue,98
76,1,1,mismatch,green,red,114
76,1,2,mismatch,red,blue,98
76,1,3,match,orange,orange,111
76,1,4,match,orange,orange,111
76,1,5,match,red,red,114
76,1,6,match,blue,blue,98
76,1,7,match,red,red,114
76,1,8,mismatch,orange,green,103
76,1,9,match,blue,blue,98
76,1,10,mismatch,green,red,114
76,1,11,mismatch,blue,orange,111
76,1,12,mismatch,orange,green,103
76,1,13,match,green,green,103
76,1,14,match,green,green,103
76,1,15,mismatch,blue,orange,111
76,1,16,mismatch,red,blue,98
76,2,1,match,blue,blue,98
76,2,2,mismatch,green,red,114
76,2,3,mismatch,blue,orange,111
76,2,4,match,red,red,114
76,2,5,mismatch,red,blue,98
76,2,6,match,red,red,114
76,2,7,mismatch,orange,green,103
76,2,8,match,green,green,103
76,2,9,match,green,green,103
76,2,10,match,orange,orange,111
76,2,11,match,blue,blue,98
76,2,12,mismatch,blue,orange,111
76,2,13,match,orange,orange,111
76,2,14,mismatch,orange,green,103
76,2,15,mismatch,red,blue,98
76,2,16,mismatch,green,red,114
77,1,1,match,red,red,114
77,1,2,match,green,green,103
77,1,3,mismatch,red,blue,98
77,1,4,match,blue,blue,98
77,1,5,match,blue,blue,98
77,1,6,mismatch,orange,green,103
77,1,7,mismatch,red,blue,98
77,1,8,match,red,red,114
77,1,9,mismatch,blue,red,114
77,1,10,match,orange,orange,111
77,1,11,match,green,green,103
77,1,12,mismatch,blue,red,114
77,1,13,mismatch,orange,green,103
77,1,14,mismatch,green,orange,111
77,1,15,mismatch,green,orange,111
77,1,16,match,orange,orange,111
77,2,1,mismatch,orange,green,103
77,2,2,mismatch,red,blue,98
77,2,3,match,blue,blue,98
77,2,4,mismatch,green,orange,111
77,2,5,match,blue,blue,98
77,2,6,mismatch,red,blue,98
77,2,7,match,green,green,103
77,2,8,match,green,green,103
77,2,9,mismatch,green,orange,111
77,2,10,match,red,red,114
77,2,11,mismatch,blue,red,114
77,2,12,match,orange,orange,111
77,2,13,match,orange,orange,111
77,2,14,mismatch,blue,red,114
77,2,15,match,red,red,114
77,2,16,mismatch,orange,green,103
78,1,1,mismatch,orange,red,114
78,1,2,mismatch,red,blue,98
78,1,3,match,orange,orange,111
78,1,4,mismatch,orange,red,114
78,1,5,mismatch,blue,green,103
78,1,6,mismatch,red,blue,98
78,1,7,mismatch,green,orange,111
78,1,8,mismatch,blue,green,103
78,1,9,mismatch,green,orange,111
78,1,10,match,blue,blue,98
78,1,11,match,green,green,103
78,1,12,match,green,green,103
78,1,13,match,red,red,114
78,1,14,match,blue,blue,98
78,1,15,match,red,red,114
78,1,16,match,orange,orange,111
78,2,1,match,blue,blue,98
78,2,2,mismatch,orange,red,114
78,2,3,match,red,red,114
78,2,4,mismatch,red,blue,98
78,2,5,match,green,green,103
78,2,6,mismatch,blue,green,103
78,2,7,mismatch,red,blue,98
78,2,8,match,green,green,103
78,2,9,mismatch,green,orange,111
78,2,10,mismatch,blue,green,103
78,2,11,mismatch,green,orange,111
78,2,12,match,red,red,114
78,2,13,match,blue,blue,98
78,2,14,mismatch,orange,red,114
78,2,15,match,orange,orange,111
78,2,16,match,orange,orange,111
79,1,1,match,blue,blue,98
79,1,2,mismatch,orange,blue,98
79,1,3,match,orange,orange,111
79,1,4,match,red,red,114
79,1,5,mismatch,green,red,114
79,1,6,mismatch,red,orange,111
79,1,7,match,blue,blue,98
79,1,8,mismatch,blue,green,103
79,1,9,match,green,green,103
79,1,10,match,green,green,103
79,1,11,mismatch,red,orange,111
79,1,12,match,orange,orange,111
79,1,13,mismatch,blue,green,103
79,1,14,match,red,red,114
79,1,15,mismatch,orange,blue,98
79,1,16,mismatch,green,red,114
79,2,1,match,blue,blue,98
79,2,2,match,red,red,114
79,2,3,mismatch,blue,green,103
79,2,4,mismatch,blue,green,103
79,2,5,mismatch,green,red,114
79,2,6,match,green,green,103
79,2,7,match,green,green,103
79,2,8,mismatch,red,orange,111
79,2,9,mismatch,green,red,114
79,2,10,match,orange,orange,111
79,2,11,mismatch,orange,blue,98
79,2,12,mismatch,red,orange,111
79,2,13,mismatch,orange,blue,98
79,2,14,match,orange,orange,111
79,2,15,match,blue,blue,98
79,2,16,match,red,red,114
80,1,1,mismatch,green,blue,98
80,1,2,match,blue,blue,98
80,1,3,mismatch,red,orange,111
80,1,4,match,green,green,103
80,1,5,mismatch,orange,green,103
80,1,6,match,green,green,103
80,1,7,mismatch,blue,red,114
80,1,8,match,blue,blue,98
80,1,9,match,red,red,114
80,1,10,match,orange,orange,111
80,1,11,mismatch,green,blue,98
80,1,12,match,orange,orange,111
80,1,13,mismatch,red,orange,111
80,1,14,mismatch,orange,green,103
80,1,15,mismatch,blue,red,114
80,1,16,match,red,red,114
80,2,1,mismatch,orange,green,103
80,2,2,mismatch,red,orange,111
80,2,3,match,green,green,103
80,2,4,mismatch,red,orange,111
80,2,5,mismatch,green,blue,98
80,2,6,mismatch,blue,red,114
80,2,7,match,red,red,114
80,2,8,match,orange,orange,111
80,2,9,match,orange,orange,111
80,2,10,mismatch,green,blue,98
80,2,11,match,red,red,114
80,2,12,mismatch,orange,green,103
80,2,13,mismatch,blue,red,114
80,2,14,match,green,green,103
80,2,15,match,blue,blue,98
80,2,16,match,blue,blue,98
81,1,1,match,orange,orange,111
81,1,2,match,green,green,103
81,1,3,match,red,red,114
81,1,4,mismatch,orange,red,114
81,1,5,mismatch,green,blue,98
81,1,6,match,blue,blue,98
81,1,7,mismatch,blue,green,103
81,1,8,match,orange,orange,111
81,1,9,match,green,green,103
81,1,10,match,blue,blue,98
81,1,11,mismatch,red,orange,111
81,1,12,mismatch,orange,red,114
81,1,13,match,red,red,114
81,1,14,mismatch,red,orange,111
81,1,15,mismatch,green,blue,98
81,1,16,mismatch,blue,green,103
81,2,1,mismatch,red,orange,111
81,2,2,match,red,red,114
81,2,3,mismatch,red,orange,111
81,2,4,match,red,red,114
81,2,5,mismatch,orange,red,114
81,2,6,match,blue,blue,98
81,2,7,mismatch,orange,red,114
81,2,8,mismatch,blue,green,103
81,2,9,match,blue,blue,98
81,2,10,match,orange,orange,111
81,2,11,match,orange,orange,111
81,2,12,mismatch,blue,green,103
81,2,13,match,green,green,103
81,2,14,mismatch,green,blue,98
81,2,15,mismatch,green,blue,98
81,2,16,match,green,green,103
82,1,1,match,green,green,103
82,1,2,match,green,green,103
82,1,3,mismatch,orange,blue,98
82,1,4,mismatch,green,red,114
82,1,5,mismatch,green,red,114
82,1,6,mismatch,red,green,103
82,1,7,match,red,red,114
82,1,8,match,orange,orange,111
82,1,9,mismatch,orange,blue,98
82,1,10,mismatch,blue,orange,111
82,1,11,match,blue,blue,98
82,1,12,match,blue,blue,98
82,1,13,match,red,red,114
82,1,14,match,orange,orange,111
82,1,15,mismatch,red,green,103
82,1,16,mismatch,blue,orange,111
82,2,1,match,blue,blue,98
82,2,2,mismatch,blue,orange,111
82,2,3,match,red,red,114
82,2,4,match,green,green,103
82,2,5,match,red,red,114
82,2,6,mismatch,red,green,103
82,2,7,mismatch,orange,blue,98
82,2,8,match,orange,orange,111
82,2,9,match,green,green,103
82,2,10,match,blue,blue,98
82,2,11,mismatch,green,red,114
82,2,12,mismatch,blue,orange,111
82,2,13,mismatch,red,green,103
82,2,14,mismatch,green,red,114
82,2,15,mismatch,orange,blue,98
82,2,16,match,orange,orange,111
83,1,1,mismatch,orange,red,114
83,1,2,mismatch,green,blue,98
83,1,3,mismatch,blue,orange,111
83,1,4,match,blue,blue,98
83,1,5,match,red,red,114
83,1,6,mismatch,green,blue,98
83,1,7,match,green,green,103
83,1,8,match,red,red,114
83,1,9,match,blue,blue,98
83,1,10,match,orange,orange,111
83,1,11,mismatch,red,green,103
83,1,12,mismatch,orange,red,114
83,1,13,match,orange,orange,111
83,1,14,match,green,green,103
83,1,15,mismatch,blue,orange,111
83,1,16,mismatch,red,green,103
83,2,1,match,green,green,103
83,2,2,mismatch,green,blue,98
83,2,3,mismatch,orange,red,114
83,2,4,match,orange,orange,111
83,2,5,mismatch,blue,orange,111
83,2,6,mismatch,blue,orange,111
83,2,7,match,orange,orange,111
83,2,8,mismatch,red,green,103
83,2,9,match,blue,blue,98
83,2,10,mismatch,green,blue,98
83,2,11,mismatch,orange,red,114
83,2,12,match,green,green,103
83,2,13,match,red,red,114
83,2,14,mismatch,red,green,103
83,2,15,match,blue,blue,98
83,2,16,match,red,red,114
84,1,1,match,blue,blue,98
84,1,2,match,green,green,103
84,1,3,match,blue,blue,98
84,1,4,match,orange,orange,111
84,1,5,mismatch,green,orange,111
84,1,6,mismatch,orange,blue,98
84,1,7,match,red,red,114
84,1,8,match,red,red,114
84,1,9,mismatch,blue,red,114
84,1,10,match,green,green,103
84,1,11,mismatch,red,green,103
84,1,12,match,orange,orange,111
84,1,13,mismatch,red,green,103
84,1,14,mismatch,green,orange,111
84,1,15,mismatch,orange,blue,98
84,1,16,mismatch,blue,red,114
84,2,1,match,blue,blue,98
84,2,2,match,blue,blue,98
84,2,3,match,green,green,103
84,2,4,mismatch,orange,blue,98
84,2,5,mismatch,orange,blue,98
84,2,6,match,orange,orange,111
84,2,7,match,red,red,114
84,2,8,mismatch,green,orange,111
84,2,9,mismatch,red,green,103
84,2,10,mismatch,blue,red,114
84,2,11,mismatch,red,green,103
84,2,12,match,green,green,103
84,2,13,mismatch,blue,red,114
84,2,14,match,red,red,114
84,2,15,mismatch,green,orange,111
84,2,16,match,orange,orange,111
85,1,1,mismatch,blue,orange,111
85,1,2,mismatch,orange,green,103
85,1,3,match,blue,blue,98
85,1,4,mismatch,green,red,114
85,1,5,match,blue,blue,98
85,1,6,mismatch,orange,green,103
85,1,7,match,green,green,103
85,1,8,match,red,red,114
85,1,9,mismatch,green,red,114
85,1,10,match,red,red,114
85,1,11,mismatch,blue,orange,111
85,1,12,match,orange,orange,111
85,1,13,mismatch,red,blue,98
85,1,14,match,orange,orange,111
85,1,15,match,green,green,103
85,1,16,mismatch,red,blue,98
85,2,1,mismatch,orange,green,103
85,2,2,match,orange,orange,111
85,2,3,match,orange,orange,111
85,2,4,mismatch,blue,orange,111
85,2,5,match,red,red,114
85,2,6,mismatch,green,red,114
85,2,7,mismatch,green,red,114
85,2,8,mismatch,red,blue,98
85,2,9,match,blue,blue,98
85,2,10,mismatch,red,blue,98
85,2,11,match,red,red,114
85,2,12,match,green,green,103
85,2,13,mismatch,blue,orange,111
85,2,14,mismatch,orange,green,103
85,2,15,match,green,green,103
85,2,16,match,blue,blue,98
86,1,1,mismatch,red,blue,98
86,1,2,match,red,red,114
86,1,3,mismatch,red,blue,98
86,1,4,match,red,red,114
86,1,5,match,blue,blue,98
86,1,6,mismatch,green,orange,111
86,1,7,mismatch,orange,green,103
86,1,8,mismatch,orange,green,103
86,1,9,match,green,green,103
86,1,10,mismatch,green,orange,111
86,1,11,match,blue,blue,98
86,1,12,match,orange,orange,111
86,1,13,mismatch,blue,red,114
86,1,14,mismatch,blue,red,114
86,1,15,match,orange,orange,111
86,1,16,match,green,green,103
86,2,1,mismatch,blue,red,114
86,2,2,match,red,red,114
86,2,3,match,orange,orange,111
86,2,4,match,red,red,114
86,2,5,mismatch,blue,red,114
86,2,6,mismatch,green,orange,111
86,2,7,mismatch,red,blue,98
86,2,8,match,green,green,103
86,2,9,mismatch,green,orange,111
86,2,10,mismatch,orange,green,103
86,2,11,mismatch,red,blue,98
86,2,12,mismatch,orange,green,103
86,2,13,match,orange,orange,111
86,2,14,match,green,green,103
86,2,15,match,blue,blue,98
86,2,16,match,blue,blue,98
87,1,1,mismatch,blue,green,103
87,1,2,mismatch,red,blue,98
87,1,3,mismatch,red,blue,98
87,1,4,match,green,green,103
87,1,5,match,blue,blue,98
87,1,6,match,orange,orange,111
87,1,7,match,red,red,114
87,1,8,mismatch,orange,red,114
87,1,9,match,red,red,114
87,1,10,match,green,green,103
87,1,11,mismatch,orange,red,114
87,1,12,mismatch,blue,green,103
87,1,13,mismatch,green,orange,111
87,1,14,mismatch,green,orange,111
87,1,15,match,blue,blue,98
87,1,16,match,orange,orange,111
87,2,1,match,red,red,114
87,2,2,match,orange,orange,111
87,2,3,mismatch,red,blue,98
87,2,4,mismatch,green,orange,111
87,2,5,match,blue,blue,98
87,2,6,match,blue,blue,98
87,2,7,mismatch,orange,red,114
87,2,8,mismatch,red,blue,98
87,2,9,match,green,green,103
87,2,10,mismatch,orange,red,114
87,2,11,mismatch,blue,green,103
87,2,12,match,red,red,114
87,2,13,mismatch,blue,green,103
87,2,14,mismatch,green,orange,111
87,2,15,match,green,green,103
87,2,16,match,orange,orange,111
88,1,1,mismatch,red,orange,111
88,1,2,match,red,red,114
88,1,3,match,green,green,103
88,1,4,mismatch,green,red,114
88,1,5,mismatch,orange,blue,98
88,1,6,mismatch,red,orange,111
88,1,7,match,blue,blue,98
88,1,8,match,orange,orange,111
88,1,9,match,red,red,114
88,1,10,mismatch,orange,blue,98
88,1,11,mismatch,blue,green,103
88,1,12,match,blue,blue,98
88,1,13,mismatch,green,red,114
88,1,14,match,orange,orange,111
88,1,15,match,green,green,103
88,1,16,mismatch,blue,green,103
88,2,1,match,red,red,114
88,2,2,mismatch,red,orange,111
88,2,3,match,blue,blue,98
88,2,4,match,blue,blue,98
88,2,5,match,orange,orange,111
88,2,6,mismatch,orange,blue,98
88,2,7,mismatch,blue,green,103
88,2,8,match,red,red,114
88,2,9,mismatch,red,orange,111
88,2,10,mismatch,blue,green,103
88,2,11,match,orange,orange,111
88,2,12,mismatch,orange,blue,98
88,2,13,mismatch,green,red,114
88,2,14,match,green,green,103
88,2,15,match,green,green,103
88,2,16,mismatch,green,red,114
89,1,1,match,red,red,114
89,1,2,mismatch,blue,red,114
89,1,3,match,blue,blue,98
89,1,4,match,green,green,103
89,1,5,match,orange,orange,111
89,1,6,match,red,red,114
89,1,7,match,orange,orange,111
89,1,8,mismatch,green,blue,98
89,1,9,mismatch,red,orange,111
89,1,10,mismatch,blue,red,114
89,1,11,mismatch,orange,green,103
89,1,12,mismatch,red,orange,111
89,1,13,mismatch,orange,green,103
89,1,14,mismatch,green,blue,98
89,1,15,match,green,green,103
89,1,16,match,blue,blue,98
89,2,1,match,blue,blue,98
89,2,2,mismatch,blue,red,114
89,2,3,mismatch,green,blue,98
89,2,4,mismatch,orange,green,103
89,2,5,match,blue,blue,98
89,2,6,mismatch,orange,green,103
89,2,7,match,red,red,114
89,2,8,mismatch,red,orange,111
89,2,9,match,orange,orange,111
89,2,10,match,orange,orange,111
89,2,11,match,green,green,103
89,2,12,mismatch,blue,red,114
89,2,13,match,green,green,103
89,2,14,match,red,red,114
89,2,15,mismatch,red,orange,111
89,2,16,mismatch,green,blue,98
90,1,1,mismatch,green,blue,98
90,1,2,match,red,red,114
90,1,3,mismatch,orange,red,114
90,1,4,mismatch,orange,red,114
90,1,5,mismatch,green,blue,98
90,1,6,match,green,green,103
90,1,7,mismatch,red,orange,111
90,1,8,match,blue,blue,98
90,1,9,match,red,red,114
90,1,10,mismatch,blue,green,103
90,1,11,match,green,green,103
90,1,12,match,blue,blue,98
90,1,13,match,orange,orange,111
90,1,14,mismatch,red,orange,111
90,1,15,match,orange,orange,111
90,1,16,mismatch,blue,green,103
90,2,1,match,green,green,103
90,2,2,match,blue,blue,98
90,2,3,mismatch,red,orange,111
90,2,4,match,green,green,103
90,2,5,match,orange,orange,111
90,2,6,mismatch,blue,green,103
90,2,7,mismatch,green,blue,98
90,2,8,mismatch,orange,red,114
90,2,9,mismatch,green,blue,98
90,2,10,match,orange,orange,111
90,2,11,match,blue,blue,98
90,2,12,mismatch,red,orange,111
90,2,13,match,red,red,114
90,2,14,mismatch,orange,red,114
90,2,15,match,red,red,114
90,2,16,mismatch,blue,green,103
